Hero Name,Role,Damage Type,Attack Reliance,Note,Passive Name,Passive Description,Additional Note,Basic Attack Name,Basic Attack Description,Skill 1 Name,Skill 1 Description,Skill 2 Name,Skill 2 Description,Skill 3 Name,Skill 3 Description,Skill 4 Name,Skill 4 Description,Ultimate Name,Ultimate Description
"Aamon","Assassin","Magic","Chase/Magic Damage","Aamon is a magic?damage assassin who excels at picking off isolated targets with burst combos from camouflage. His kit revolves around building armor charges and Soul Shards, entering Camouflage to become untargetable and highly mobile, then collapsing onto a target with Slayer Shards and Endless Shards to deal massive damage that scales with the enemy’s lost HP. With strong self?sustain from Invisible Armor and high mobility, Aamon can weave in and out of fights, dodging key skills while setting up lethal all?ins.

Aamon works best in lineups that can provide vision, crowd control, or soft setup so he can safely enter Camouflage and choose the right moment to strike. When paired with tanks, supports, or mages that can lock enemies down or chip them low first, Aamon can quickly finish off priority backline targets and reset fights. In the right composition, he functions as a slippery execution assassin who punishes overextended or poorly positioned carries","","","","Invisible Armor","Aamon enters the Camouflage state each time he hits an enemy with a skill, during which he cannot be targeted, recovers 25 (+15% Total Magic Power) plus 3% of his lost HP every 0.5s, and gains 80% extra Movement Speed that rapidly decays over 3s.
Upon leaving the Camouflage state, Aamon immediately resets his Basic Attack's cooldown and enhances his Basic Attacks within the next 3s. Each enhanced Basic Attack deals 70 (+100% Total Physical Attack) (+115% Total Magic Power) Magic Damage. The first attack after actively leaving Camouflage is enhanced to deal 84 (+120% Total Physical Attack) (+138% Total Magic Power) damage and reduces all skill cooldowns by 1s.","Soul Shards","Passive: Aamon charges his armor through enhanced Basic Attacks or while camouflaged. At 5 charges, Aamon throws 6 shards at the target on his next attack, each shard dealing 50 (+15% Total Magic Power) Magic Damage. The shards will then scatter around the target.

Active: Aamon throws a shard at a nearby enemy, dealing 175 (+60% Total Magic Power) Magic Damage.","Slayer Shards","Aamon throws a shard forward, dealing 120 (+50% Total Magic Power) Magic Damage to enemies along the way. The shard will return to Aamon after a short delay and allow him to enter the Camouflage state.
If the shard hits a non-minion enemy, it'll slow them by 50% for 2s and return to Aamon immediately.","","","Endless Shards","Aamon throws all shards at a designated enemy and slows them by 30% for 1.5s. After a short delay, the shards will fly to the enemy's location again, each dealing 90 (+24% Total Magic Power)-150 (+40% Total Magic Power) Magic Damage.

The number of shards increases with Aamon's armor charges and the shards on the ground (8-25).
The damage dealt increases with the target's lost HP, to the max when the target's HP is below 30%. The same target takes less damage from subsequent attacks."
"Akai","Tank","physical","Guard/Crowd Control","Akai is a durable tank who specializes in crowd control, disruption, and peeling rather than pure damage. His kit revolves around using Body Slam and Headbutt to slow, knock back, and reposition enemies, then locking them into walls or unfavorable spots with Heavy Spin. Thanks to his high base durability and strong zoning, Akai can safely front line, protect his carries, and break enemy formations during key objectives or tower defenses.

Akai works best with lineups that can quickly follow up on his displacement and control, such as burst mages, marksmen, or fighters that benefit from enemies being pinned or separated. When paired with reliable follow?up damage, his ult can isolate priority targets, deny enemy engages, and create huge space for his backline to freely deal damage. In the right composition, Akai acts as both a primary engager and a powerful anti?dive tool that punishes careless positioning.","","","","Tai Chi","Akai gains a 25 (+5% Total HP) shield for 4s on each skill cast and marks enemy heroes and Creeps hit by his skills.

Akai's Basic Attacks deal 25 (+5% Total HP) extra Physical Damage to marked enemies.","Headbutt","Akai charges in the target direction, dealing 300 (+50% Total Physical Attack) Physical Damage to enemies along the way. If Akai hits an enemy hero during this process, he'll knock them airborne for 0.5s and be able to roll in the Joystick's direction once.

Akai can cast Headbutt during Heavy Spin to quickly adjust his position.","Body Slam","Akai smashes the ground with his body, dealing 270 (+6% Total HP) Physical Damage to nearby enemies and slowing them by 45% for 2s.","","","Heavy Spin","Akai removes all debuffs on him and spins for 4s, gaining Slow Immunity while continuously dealing 100 (+50% Total Physical Attack) Physical Damage to nearby enemies and knocking them back. Enemy heroes knocked back will knock back other heroes they collide with during the process.

Akai also gradually increases his Movement Speed by 70% over the duration. This skill can only be interrupted by Suppression."
"Alice","Tank/Mage","Magic","Charge/Regen","Alice is a tank/mage who excels at diving into the heart of team fights, sustaining herself through continuous healing, and dealing persistent AoE magic damage. Her kit revolves around stacking Crimson to trigger Blood Banquet, which lets her drain HP from nearby enemies while gaining movement speed and turning extended fights in her favor. With Crimson Gleam and Doom Waltz, she can both engage and reposition aggressively, combining mobility, burst, and slows to stick to priority targets or escape after a short trade.

Alice fits best in drafts that want a durable front?line mage who scales with time and thrives in drawn?out 5v5s. She pairs well with engage tanks and crowd?control supports who can lock enemies inside her AoE damage and give her time to ramp up Blood Banquet. In coordinated fights around tight spaces or objectives, her ultimate, Throne of Ruin, can massively swing team fights by combining damage, HP scaling, and control immunity. However, she is vulnerable to strong burst before she builds enough HP or stacks, and she can struggle against heavy anti?heal. When played around proper scaling, flank angles, and team CC, Alice becomes a hard?to?kill battle mage who slowly overwhelms teams through sustain and repeated AoE nukes.","","","","Crimson Blood Banquet","When Alice's skills hit, she gains 1 stack(s) of Crimson, lasting 4s. Once Crimson reaches 2 stacks, Blood Banquet activates, dealing 25 (+30% Total Magic Power) plus 0.5%-2.5% of the target's Max HP (scales with level) as Magic Damage to nearby units (hitting heroes with skills refreshes the duration) and recovering 10 (+3% Extra Max HP) HP for Alice every 0.5s.
While Blood Banquet is active, Alice gains 8% Movement Speed. Blood Banquet can deal up to 70(+10*Hero Level) Magic Damage to creeps.","Crimson Gleam","Alice fires blood energy forward, dealing 100 (+50% Total Magic Power) Magic Damage. Before the blood energy dissipates, this skill can be cast again to activate Scarlet Shadow, allowing Alice to blink to the blood energy's location.","Doom Waltz","Alice performs a deadly dance, dealing 350 (+130% Total Magic Power) Magic Damage to nearby enemies and slowing them by 70% for 1s. If Blood Banquet is active at this time, it also scorches enemies, dealing 300% of Blood Banquet's damage and healing Alice for the same amount.","","","Throne of Ruin","Alice surrounds herself with blood, gaining Control Immunity and 50% Damage Reduction while slowing herself by 50%. After 1.5s, she descends with force, dealing 500 (+150% Total Magic Power) (+20% Extra Max HP) Magic Damage to all enemies in range and immobilizing them for 1s.
While charging her Ultimate, Alice can only use Scarlet Shadow."
"Alpha","Fighter","Physical","Charge/Damage","Alpha is a fighter who excels in extended skirmishes and follow?up engages rather than pure frontline tanking. His kit revolves around charging into fights, dealing sustained physical damage over time, and chasing priority targets that have already been controlled by his teammates.

Alpha works best when paired with heroes that can reliably start fights or lock enemies in place, such as Atlas, Vexana, or Selena. With strong crowd control and setup from his team, Alpha can consistently land his skill combos, stick to his targets, and quickly shred even tankier opponents. He prefers lineups where he can enter second, clean up fights, and punish enemies that overcommit or get caught by hard CC","","","","Beta, Advance!","When Alpha uses a skill, Beta will be summoned to attack. Enemies that are hit by Beta 2 time(s) will be Locked On.

Locked On: After Alpha deals damage to the target, Beta will fire a laser at them, dealing 80 (+80% Extra Physical Attack) (+8*Hero Level) True Damage and briefly applying a powerful slow effect.
This skill only deals 75% damage to Creeps.","Rotary Impact","Alpha unleashes an energy wave in the target direction, dealing 100 (+90% Extra Physical Attack) Physical Damage to enemies in its path and slowing them by 40% for 1s.

Beta then strafes enemies along the same path, dealing 60 (+30% Extra Physical Attack) True Damage.","Force Swing","After a short delay, Alpha swings his blade in the target direction, dealing 180 (+100% Total Physical Attack) Physical Damage to enemies in a fan-shaped area and restoring 40 (+30% Extra Physical Attack) HP for each enemy hit.

Beta then strafes enemies in the same area, dealing 60 (+30% Total Physical Attack) True Damage.","","","Spear of Alpha","Beta dives to the target location, dealing 100 (+20% Extra Physical Attack) Physical Damage to enemies hit and stunning them for 1s. Alpha then leaps towards the same location, knocking enemies in his path airborne and carrying them to the landing location. Alpha then slams down, dealing 250 (+100% Extra Physical Attack) Physical Damage and slowing the enemies by 40% for 1.5s.

Beta then attacks the same area 5 times, dealing 15 (+30% Extra Physical Attack) True Damage each time."
"Alucard","Fighter/Assassin","Physical","Chase/Damage","Alucard is a physical fighter–assassin who focuses on diving into the enemy backline and sustaining through lifesteal while dealing heavy damage in close range. His kit rewards staying on top of targets and chaining abilities to amplify his basic attacks, allowing him to quickly eliminate squishy heroes once he finds a good angle. With sufficient farm and items, Alucard can quickly snowball and become very hard to duel in 1v1 or small skirmishes. However, he is vulnerable to crowd control, kiting, and burst damage that can stop his lifesteal from keeping him alive. Alucard works best with teammates who provide reliable engage, lockdown, or peel so he can safely enter fights, stick to priority targets, and avoid being focused before he can deal his full damage","","","","Pursuit","After each skill cast, Alucard's next Basic Attack allows him to dash to the target's location and deal (+125% Total Physical Attack) Physical Damage.
Demon Hunter: Alucard deals 10% extra damage to Creeps.","Groundsplitter","Alucard rolls to the target location and slams his blade on the ground, dealing 270 (+85% Extra Physical Attack) Physical Damage to enemies hit and slowing them by 40% for 2s.","Whirling Smash","Alucard launches a whirling slash, dealing 345 (+120% Extra Physical Attack) Physical Damage to nearby enemies.","","","Fission Wave","Passive: Alucard permanently gains 10% Hybrid Lifesteal.
Active: Alucard absorbs the energy of enemies in the target area, reducing their Movement Speed by 30% and Hybrid Defense by 10. Alucard gains 10 Hybrid Defense for each enemy hero hit, and reduces the cooldown of his other skills to 50% for 6s.
Use Again: Alucard releases a shockwave in the target direction, dealing 400 (+200% Extra Physical Attack) Physical Damage to enemies hit."
"Angela","Support","magic","Guard/Support","Angela is a pure support hero who specializes in shielding, healing, and amplifying her allies’ impact rather than dealing damage herself. Her kit revolves around poking and slowing enemies with Love Waves, providing shields and movement speed through Heartguard, and using Puppet?on?a?String to root enemies after a delay. With her global ultimate, Angela can jump onto an allied hero anywhere on the map, granting them a large shield and access to her skills, allowing her to join fights instantly and turn losing skirmishes around.

Angela works best with aggressive frontliners or hypercarries who want to dive deep, such as fighters and assassins that benefit from extra sustain and crowd control. When paired with heroes like Alpha, Thamuz, or other hard?engage initiators, she can keep them alive during risky dives, help them stick to targets with slows and roots, and provide constant sustain throughout extended fights. In the right lineup, Angela enables high?tempo plays, cross?map rotations, and clutch saves that make it very difficult for the enemy team to punish overextensions.","","","","Smart Heart","Angela gains 7.5% extra Movement Speed for 4s each time she casts a skill (up to 30%). When she's attached to an allied hero, the Movement Speed boost is transferred to the allied hero.","Love Waves","Angela sends Love Waves in the target direction, dealing 170 (+80% Total Magic Power) Magic Damage to enemies hit, revealing their positions briefly, and applying a stack of Lover's Mark (up to 5 stacks). Each stack of Lover's Mark increases the damage by 20% and slows enemies hit by 8% for 3s.

Love Waves also restore 150 (+75% Total Magic Power) HP to allied heroes hit. Angela can store up to 5 charges of this skill and the recharge time is affected by Cooldown Reduction.","Puppet-on-a-String","Angela launches a Puppet String at the target enemy(excluding minions), dealing 300 (+40% Total Magic Power) Magic Damage and gradually slowing them by up to 80%. If the enemy is still connected to the string after 3s, they'll be immobilized for 1.5s and dealt 450 (+60% Total Magic Power) Magic Damage. 

Each stack of Lover's Mark increases the final damage by 20%.","","","Heartguard","Angela begins channeling, applying a 600 (+150% Total Magic Power) shield that lasts 6s to the target allied hero regardless of distance. After the channeling is complete, she attaches herself to the allied hero for 12s, during which she can cast skills at zero Mana cost. Angela can cast this skill again to cancel the channeling or detach herself from the allied hero. The attaching state will end early if the allied hero is killed."
"Argus","Fighter","Physical","Charge/Burst","Argus is a late?game fighter who thrives in extended fights and clutch skirmishes thanks to his self?sustain, mobility, and pseudo?immortality. His kit revolves around building Malice Energy to empower his Basic Attacks and skills, letting him dash in, stick to targets, and deal high single?target damage while healing himself. With Demonic Grip and Meteoric Sword, Argus can close gaps, lock enemies down, and chase along Cursed Trails, turning otherwise lost chases into secured kills.

Argus shines in drafts that want a hard?to?kill side?laner or backline diver who becomes more threatening the longer a fight lasts. His ultimate, Eternal Evil, makes him extremely difficult to burst down, allowing him to dive deep, absorb cooldowns, and then convert his damage dealt into HP if he survives the duration. He pairs well with engage or peel supports that can help him reach priority targets and keep him fighting during his ultimate. However, Argus is vulnerable to hard crowd control when his ultimate is down and can be kited by high?mobility ranged carries, so he requires good timing, flanking angles, and matchup awareness to fully unlock his carry potential","","","","Warmonger","When Argus' Meteoric Sword reaches 100 Malice Energy, he will launch a Demonic Slash with his next Basic Attack, dealing 180 (+80% Total Physical Attack) Physical Damage and recovering 150 (+10% Total Physical Attack) HP. This attack ignores 40% of the target's Physical Defense.
Argus' Meteoric Sword gains 5 Malice Energy per second and 10 Energy per Basic Attack (critical strikes grant an additional 10 Energy).","Demonic Grip","Argus stretches out a demonic hand in the target direction, dealing 125 (+60% Extra Physical Attack) Physical Damage to the first enemy hero or Creep hit, stunning them for 0.7s, and pulling him and the target towards each other. If no enemy is hit, Argus pulls himself toward the hand's destination instead.
Use Again: Argus dashes and strikes in the target direction, dealing 175 (+100% Extra Physical Attack) Physical Damage to enemies along the path.","Meteoric Sword","After a short delay, Argus thrusts his Meteoric Sword in the target direction, dealing 120 (+100% Total Physical Attack) Physical Damage to enemies hit (200% damage against minions) and reducing their Movement Speed by 80% for 0.8s. The delay time decreases as Argus's Attack Speed increases. Enemy heroes hit will be Cursed for 4s, during which they leave a Cursed Trail behind. Argus gains 20% Movement Speed while on a Cursed Trail.
Meteoric Sword damage counts as Basic Attack damage and can trigger Attack Effects. Hitting heroes restores 100 Malice Energy (excess is preserved).","","","Eternal Evil","Argus removes all debuffs on himself, dealing 150 (+50% Total Physical Attack) Physical Damage to nearby enemies and becoming the Fallen Angel for 4s (hitting heroes enhances Warmonger). Fallen Angel: Gains 40% Movement Speed that decays over 1s; when the transformation ends, he converts all his damage dealt in the Fallen Angel state into HP. If he takes fatal damage in the Fallen Angel state, the duration of the Movement Speed boost will be reset, and he will gain Death Immunity for 4s. Enhanced Warmonger: Demonic Slash grants 50 Malice Energy (50 extra Malice Energy with critical hits).
If Death Immunity isn't triggered, the cooldown will be reduced by 50%."
"Arlott","Fighter/Assassin","Physical","Charge/Burst","Arlott is a fighter/assassin hybrid who excels at punishing clumped enemies and turning crowd control into burst windows. His kit revolves around Demon Gaze marking controlled targets, then dashing and comboing through them with Vengeance and empowered skills for high single?target and multi?target damage. With good spacing, Arlott can repeatedly weave in and out of fights, using his mobility and resets to chase, reposition, or escape after a quick pick.

Arlott fits best in drafts that have reliable crowd control or knock?ups to help him consistently trigger Demon Gaze and line up big Final Slash angles. He synergizes well with tanks and mages that can group enemies together, letting him cleave through multiple targets and swing team fights with a single ultimate. However, he is vulnerable to hard point?and?click CC and can struggle into heavy peel or kite comps if he can’t find flanks. When drafted with good engage and setup, Arlott becomes a high?tempo skirmisher and team?fight cleaner who thrives in chaotic, clustered fights","","","","Demon Gaze","Arlott possesses a demonic eye that will Mark enemy units near Arlott that become affected by control effects for 7s.
The eye will also automatically Mark a nearby enemy hero in vision every 7s.","Dauntless Strike","Arlott swings his lance forward, dealing 200 (+60% Total Physical Attack) Physical Damage and briefly stunning targets in an area. Targets hit by the farther part of the AOE will be stunned for 1s instead.","Vengeance","Arlott charges at an enemy, dealing 135 (+60% Total Physical Attack) Physical Damage (this skill cannot be interrupted during movement).
If Arlott's target is Marked, he gains a brief burst of Movement Speed, and this skill will deal double damage, immediately refresh its cooldown, and recover 70 (+60% Total Physical Attack) HP to Arlott (only restores 50% of that amount when used on a non-hero unit).","","","Final Slash","Passive: Each level-up reduces Demon Gaze's interval by 1s.
Active: Arlott cleaves in front of him, dealing 400 (+80% Total Physical Attack) Physical Damage to targets in the area while pushing them to the end of the AOE and briefly revealing their location (this skill can only be interrupted by Suppression).
"
"Atlas","Tank","Magic","Crowd Control/Initiator","Atlas is a Tank hero with strong crowd control abilities. His kit revolves around his unique Mecha Sentry mechanic, which allows him to enter an Ejected State for increased mobility and damage reduction. His skills provide excellent initiation potential with multiple crowd control effects including slows, freezes, and stuns. Atlas excels at disrupting enemy formations and protecting his team with his defensive capabilities and control effects.","","","","Frigid Breath","Atlas generates Frigid Breath around him for 5s each time he casts a skill. Enemies affected by Frigid Breath will have their Movement Speed gradually reduced over 2s, after which they'll be frozen for 0.5s.

Atlas gains 20 (+0.5% Extra Max HP) extra Physical & Magic Defense when Frigid Breath is present.","Annihilate","Atlas smashes the ground and causes 3 explosions. Each explosion deals 215 (+60% Total Magic Power) Magic Damage to enemies.
Ejected State: If Atlas is ejected from his Mecha Sentry, both he and his Mecha will cast Annihilate.","Perfect Match","Atlas enters Ejected State, gaining 40% Movement SPD and immunity to Slowing Effects. In this state, the Mecha Sentry will follow the pilot at an increasing speed (can only be controlled by Suppression). Once they meet, Atlas will return to the Mecha, dealing 320 (+80% Total Magic Power) Magic Damage to enemies nearby and stunning them for 0.8s.
Ejected State: Atlas and his Mecha share the same HP bar and reduce 50% of the damage taken in this state.","","","Fatal Links","Atlas hurls chains around and starts to channel (can only be interrupted by suppressing), dealing 225 (+75% Total Magic Power) Magic Damage to enemy heroes hit and slowing them by 40% for 3s.
Use this skill again while channeling: Atlas will drag the targets toward him and plunk them down on the designated location, dealing 360 (+180% Total Magic Power) Magic Damage.
Use this skill in Ejected State: The Mecha Sentry will return to Atlas immediately, but the stun effect will be replaced by 40% Slowing Effect."
"Aulus","Fighter","Physical","Damage/Crowd Control","Aulus is a fighter who scales hard with items and extended trades, focusing on front?to?back damage and short?cooldown skirmishes rather than burst all?ins. His kit revolves around stacking Fighting Spirit to boost his Attack Speed and damage, then using The Power of Axe to shred both tanks and squishies while healing through his empowered Basic Attacks. With Aulus, Charge! he can ignore slows, gain front?facing damage reduction, and close gaps reliably, making him very hard to kite once he’s on top of a target.

Aulus fits best in drafts that want a durable, DPS?oriented fighter in the frontline who can both peel and threaten the enemy backline. As his ultimate upgrades his axe over time, he gains more range, penetration, and damage, turning him into a strong mid? to late?game bruiser around objectives and 5v5s. He pairs well with crowd?control supports and tanks that can lock enemies in his burn field and skill range. However, he is vulnerable to hard crowd control and early invades before his items and axe upgrades come online. When played around his scaling and Fighting Spirit windows, Aulus becomes a reliable damage frontliner who can anchor team fights and melt anyone who stands in his path","","","","Fighting Spirit","Aulus adds a stack of Fighting Spirit to his axe per second for 3s after dealing damage to any enemy (up to 3 stacks). Each stack grants 15% extra Attack Speed. Aulus also deals 42-210 extra Physical Damage with his Basic Attacks at max Fighting Spirit stacks (scales with level). The damage counts as Attack Effect.","Aulus, Charge!","Aulus removes all Slowing Effects and gains 30% extra Movement Speed and 30% Damage Reduction against attacks from the front for 5s.","The Power of Axe","Aulus brandishes his axe, dealing 200 (+70% Total Physical Attack) Physical Damage to enemies in a fan-shaped area and slowing them by 20% for 3s. At max stacks of Fighting Spirit, he deals additional Physical Damage equal to 3.5% of the targets' Max HP. After hitting enemy targets, he enhances his Basic Attacks for 3s. Aulus recovers HP by 50 (+1% Total HP) after each Basic Attack.","","","Undying Fury","Passive: Every time Undying Fury is upgraded, Aulus crafts a part for his axe in order. Blade Craft: His Basic Attacks deal 50 extra Physical Damage. Handle Craft: Permanently increases his Attack Range by 65% and the range of The Power of Axe. Hammer Craft: Permanently increases his Physical Penetration by 20%.

Active: Aulus raises his axe and smashes it to the ground (this skill can only be interrupted by Suppression), dealing 210 (+100% Extra Physical Attack) Physical Damage to enemies in a line and slowing them by 90% for 0.5s. A burning trail that lasts for 5s is left on the ground, dealing 90 (+40% Extra Physical Attack) Physical Damage to enemies who walk on it every 0.5s and slowing them by 70%."
"Aurora","Mage","Magic","Crowd Control/Poke","Aurora is a Magic damage Mage whose Attack Reliance is Crowd Control/Poke, meaning she focuses more on locking enemies down and softening them from range than on pure burst or sustained DPS. Her passive, Pride of Ice, lets her self-freeze instead of dying, becoming invincible for 1.5 seconds and gradually restoring 30% of her Max HP when she would otherwise take fatal damage (with a long cooldown). This makes her especially threatening in siege and team-fight setups: she can stand at a safer distance to poke and control, and even if she’s caught once, Pride of Ice gives her a built?in “second chance” to survive dives and rejoin the fight after her team follows up on her crowd control","","","","Pride of Ice","Upon taking fatal damage, Aurora freezes herself for 1.5s, becoming invincible during this time and gradually recovering 30% Max HP. This effect has a 150s cooldown.

Aurora's freeze effects can also affect Turrets.","Hailstone Blast","Aurora summons an icy meteorite to strike at the target location, dealing 400 (+90% Total Magic Power) Magic Damage and slowing targets hit by 40% for 1s. Afterward, 5 hailstones fall, each dealing 40 (+10% Total Magic Power) Magic Damage.","Frosty Breeze","Aurora blows Frosty Breeze in a fan-shaped area in the target direction, dealing 225 (+75% Total Magic Power) Magic Damage to enemies hit, and creating a frozen area at the far-end of the attack that deals a total of 225 (+75% Total Magic Power) Magic Damage to enemies in the area and freezes them for 1s.","","","Frigid Glacier","Aurora creates a frost path in the target direction, dealing 100 (+40% Total Magic Power) Magic Damage to enemies in the path and reducing their Movement Speed by 80% for 1.2s. The frost path gradually becomes glaciers that spread until reaching their maximum size and shattering, dealing 600 (+150% Total Magic Power) Magic Damage to all enemies in the area and freezing targets for 1s. Every 100 Magic Power that Aurora has will increase the freeze duration by 0.2s."
"Badang","Fighter","Physical","Charge/Burst","Badang is a fighter who is very strong at locking enemies in place and bursting them down with his wall and punch combo. His kit is most threatening in narrow areas like jungle paths or around objectives, where he can trap targets against his barrier and land multiple enhanced punches for heavy damage. Badang can act as a frontline bruiser who starts fights or follows up on allies’ crowd control to quickly eliminate priority targets. However, he struggles against highly mobile heroes who can dash out of his wall, as well as heavy crowd control and long?range poke that prevent him from getting into melee range. Badang works best with teammates who provide reliable crowd control, additional burst, or displacement to help keep enemies inside his combo zone and secure kills","","","","Chivalry Fist","Every time Badang's Basic Attack hits a target, he gains a stack of Chivalry Fist. After gaining 4 stacks, his next Basic Attack deals 50 (+30% Total Physical Attack) extra Physical Damage to enemies hit and knocks them back. Enemies that are knocked into obstacles will be stunned for 0.6s (Minions and Creeps are stunned directly).
Fist Wind generated by Badang's skills will trigger this effect directly, and Fist Wind from his Ultimate increases the stun duration to 1s.","Fist Wind","Badang unleashes a gust of Fist Wind in the target direction, dealing 125 (+100% Total Physical Attack) Physical Damage to enemies hit, slowing them by 30% for 1.5s, and knocking them back. The Fist Wind will explode upon hitting an obstacle, dealing 100 (+60% Total Physical Attack) Physical Damage to nearby enemies. Fist Wind can trigger attack effects and grants Badang 1 Chivalry Fist stack upon cast.
Badang stores up to 2 Fist Wind charges and restores 1 charge every 8s.","Fist Break","Badang dashes in the target direction, dealing 230 (+50% Total Physical Attack) Physical Damage to enemies in his path while gaining a 250 (+150% Total Physical Attack) shield that lasts 3s. He stops immediately upon hitting an enemy hero, slightly knocking them back while creating an obstacle that lasts 4s behind them. Enemies hit by the obstacle are dealt 130 (+30% Total Physical Attack) Physical Damage.

Use Again: Badang removes the obstacle he created.","","","Fist Crack","Badang throws a flurry of punches in the target direction, dealing 60 (+54% Total Physical Attack) Physical Damage to enemies hit multiple times (can trigger attack effects). The Fist Wind generated by the punches will explode upon hitting an obstacle, dealing 30 (+27% Total Physical Attack) Physical Damage to nearby enemies.
Badang is immune to control effects for the duration."
"Balmond","Fighter","physical","Damage/Regen","Balmond is a durable fighter who excels at early skirmishes, sustained AoE damage, and executing low?HP targets. His kit gives him strong lane presence through HP sustain and spinning damage from Cyclone Sweep, allowing him to clear waves quickly and win extended trades against melee opponents. With decent mobility from Soul Lock and a reliable true?damage execute on Lethal Counter, Balmond can both frontline and secure kills or major objectives like Turtle and Lord.

Balmond fits best in drafts that want a simple, front?to?back team?fight structure with strong objective control. He pairs well with crowd?control supports and tanks that can keep enemies inside his Cyclone Sweep and set up his ultimate for maximum execute value. However, he can be kited by high?mobility backliners and struggles if he falls behind in gold or items. When played around his sustain, cooldowns, and ultimate execution thresholds, Balmond becomes a straightforward but very effective bruiser who converts early leads into secured objectives and team?fight wins.","","","","Bloodthirst","Balmond recovers 5% Max HP after killing a Minion or Creep, and 20% Max HP after killing a hero.","Soul Lock","Balmond charges in the target direction for a set distance or until he hits an enemy hero, dealing 150 (+60% Total Physical Attack)Physical Damage to enemies along the way. The enemy hero hit will be knocked back slightly and slowed by 60% for 2s.","Cyclone Sweep","Balmond gains 15% Movement Speed that decays over time and spins with his axe for 3s, dealing 25 (+25% Total Physical Attack)Physical Damage per hit to nearby enemies up to 14 times. Each subsequent hit on the same enemy will deal 8.5% increased damage (up to 68%).The Physical Attack bonus portion of the damage can Crit.","","","Lethal Counter","Balmond unleashes a huge strike in the target direction (cannot be interrupted), dealing True Damage equal to 150 (+70% Total Physical Attack) plus 30% of the target's lost HP.This skill only deals up to 1000 damage to non-hero units."
"Bane","Fighter/Mage","magic/physical","Push/Burst","Bane is a flexible fighter/mage who excels at mid?range skirmishes, objective control, and poking enemies down with mixed physical and magic damage. His kit allows him to harass in lane with enhanced Basic Attacks, clear waves quickly, and sustain himself using Ale, while Crab Claw Cannon and his passive let him shred both frontline and backline if left unchecked. With Deadly Catch, Bane also provides powerful zoning and turret pressure, making him a constant threat around Lord, Turtle, and sieges.

Bane fits best in drafts that want strong objective control and siege potential, especially when paired with crowd control or frontliners who can keep enemies inside his AoE damage. He can be built either more physical for burst and tower damage or more magic?focused for heavy spell burst, giving him flexibility to adapt to enemy compositions. However, he lacks hard crowd control and reliable mobility, so he is vulnerable to hard engage and assassins if he mispositions. When played around his cooldowns and item spikes, Bane becomes a dangerous poke/siege core who can quickly turn small leads into destroyed structures and secured objectives.","","","","Shark Bite","Bane infuses his weapon with a stack of Tidal Energy each time he uses a skill (up to 2 stacks). Each of his subsequent Basic Attacks consumes a stack to deal Physical Damage (+95% Total Physical Attack) plus 4(+0.4*Hero Level)% of the target's Max HP to nearby enemies.","Crab Claw Cannon","Bane fires his Crab Claw Cannon in the target direction, dealing 150 (+160% Total Physical Attack)Physical Damage to the first enemy hit and then 150% damage to a random enemy behind them (prioritizes enemy heroes). Enemies hit are slowed by 10 (+10% Total Magic Power)% for 1s. Every 100 Physical Attack Bane possesses reduces this skill's cooldown by an additional 8%.","Ale","Bane chugs his ale, recovering 200 (+150% Total Magic Power) plus 5 (+1.5% Total Magic Power)% of his lost HP and gaining 50% extra Movement Speed that decays over 2.5s. Use Again: Bane spits venom in the target direction, dealing 130 (+130% Total Magic Power)Magic Damage (scales up to 250% with charging time) to enemies in a fan-shaped area. Every 100 Magic Power Bane possesses additionally reduces this skill's cooldown by 7%.","","","Dealdy Catch","Bane summons a school of sharks to charge in the target direction, dealing 700 (+80% Total Physical Attack)(+150% Total Magic Power)Magic Damage to enemies hit, knocking them airborne for 0.6s, and slowing them by 75% (decays over 3s).This skill deals 40% damage to turrets."
"Barats","Tank/Fighter","Physical","Damage/Crowd Control","Barats is a tank/fighter frontliner who grows more threatening the longer a fight lasts thanks to his Big Guy stacks, increasing his size, defenses, and damage. With So?Called Teamwork and Missile “Expert”, he provides consistent AoE poke, slows, and zone control that make it difficult for enemies to walk up or contest objectives. At max stacks, his Basic Attacks become powerful Trample hits that deal high damage based on his HP, letting him both frontline and contribute meaningful DPS in brawls.

Barats fits best in comps that want strong frontline control, displacement, and peel. Detona’s Welcome gives his team a reliable way to isolate priority targets, interrupt divers, or throw enemies back into his team’s AoE damage, making him valuable in coordinated engages and counter?engages. He pairs well with burst mages or marksmen who can quickly follow up on his CC. However, Barats can be kited by high?mobility heroes and loses impact if he can’t maintain Big Guy stacks or reach the backline. When positioned well and played around his stack windows, he becomes a durable crowd?control core that can both protect allies and punish overextended enemies","","","","Big Guy","Detona gains a stack of Big Guy for 12s each time it or Barats damages an enemy with their skills (up to 10 stacks). Each stack of Big Guy increases Detona's size and grants 4-10 extra Hybrid Defense (scales with the level of Detona's Welcome). At max stacks, Detona gains 20% extra Resilience, and its Basic Attacks are replaced with Trample, which deals (+140% Total Physical Attack) (+3.5% Total HP) Physical Damage to enemies in a circular area, slows them by 40% for 0.2s, and refreshes the duration of Big Guy with each hit.","So-Called Teamwork","Detona spits contaminated oil in the target direction, dealing 60 (+7% Total HP) Physical Damage to enemies in a fan-shaped area. Barats then ignites the oil with a firecracker, dealing 120 (+180% Total Physical Attack) Physical Damage to enemies in the area (only 50% damage to Creeps).

The area of effect of So-Called Teamwork increases with the number of Big Guy stacks.","Missile ""Expert""","Barats fires two missiles at the target location, dealing 100 (+75% Total Physical Attack) Physical Damage and slowing enemies by 40% for 1s. The missiles expel fumes from their exhausts upon landing, dealing 100 (+75% Total Physical Attack) Physical Damage to enemies in a rectangular area and pushing them toward Barats.","","","Detona's Welcome","After a short delay, Detona charges in the target direction, dealing 120 (+70% Total Physical Attack) (+1.2% Total HP) Physical Damage to the first enemy hit, devouring and suppressing them for 1.2s before spitting them out. If the target hits an enemy hero or a wall after being spit out, the target will cause an explosion, they and nearby enemies will take an additional 180 (+105% Total Physical Attack) (+1.8% Total HP) Physical Damage and be stunned for 1s.
For the duration, Barats becomes immune to control effects. If the channeling is canceled, 60% of the skill cooldown will be refunded.
Passive: Detona gains 4 stacks of Big Guy upon respawn."
"Baxia","Tank","magic","Support/Damage","Baxia adalah tank dengan kemampuan crowd control dan pengurangan damage yang tinggi, serta dapat mengurangi efek shield dan HP regen musuh.","Baxia Mark","Baxia activates the ""Baxia Mark"" permanently, reducing the final damage received by 15(+1*Hero Level).
At the same time, Baxia will reduce the Shield and HP Regen of enemies hit by his skills by 40% for 4s.","","","","Baxia-Shield Unity","Baxia retracts himself into his shield and accelerates forward. When hitting an enemy unit, he will deal 300 (+60% Total Magic Power)Magic Damage to it and nearby enemies, stunning the target for 0.8s and slightly knocking other nearby enemies back. During the process of accelerating forward, use this skill again to launch Baxia upward so that he can cross obstacles and enemy minions. When leaping up, if there is an enemy hero under Baxia, he will strike this hero, dealing 375 (+75% Total Magic Power)Magic Damage to this hero and nearby enemies, stunning the target hit for 1.5s, and slightly knocking other nearby enemy targets back.","Shield of Spirit","Baxia throws out his shield, dealing Magic Damage equal to 180 (+120% Total Magic Power) plus 6% of the target's Max HP to the enemies along the way, marking them for 5s, and slowing them by 50% for 1s. The shield disappears upon hitting the first enemy hero or creep.Baxia can cast the skill again in a short while. If an enemy hero or creep is hit by the skill, the skill's cooldown will be reduced to 15%.","","","Tortoise's Puissance","Baxia holds his shield to the front and begins sprinting frantically, gaining 30% extra Movement Speed for 10s while leaving a lava path behind. Enemies on the path will take 40 (+30% Total Magic Power)Magic Damage and be slowed by 15% for 0.5s every 0.5s.For the duration, the Damage Reduction effect from Baxia Mark is increased to 200%."
"Belerick","Tank","Magic","Crowd Control/Regen","Belerick is a tank who focuses on soaking damage and punishing enemies that hit him or his teammates. His kit allows him to return damage, provide crowd control, and protect allies with shields and disruption, making him very effective as a frontliner in extended teamfights. When positioned well, Belerick can stand in the middle of the enemy team, absorb their spells, and spread damage back while locking key targets in place. However, he relies on enemies actually hitting him, and he can struggle against lineups that kite, ignore him, or have strong percentage HP damage. Belerick works best with teammates who offer sustained damage and follow-up crowd control so that the value from his tankiness and reflected damage can turn long fights in his team’s favor","","","","Deadly Thorns","For every 50 damage inflicted upon Belerick, he has a 25% chance to shoot the nearest enemy unit, dealing Magic Damage equal to 55(+5*Hero Level) plus 1.8% of his Max HP (scales with level). This attack can be triggered once every 0.4s.
His HP obtained from Equipment and Emblems is increased by 30%.","Ancient Seed","Belerick releases vines in a designated direction, dealing 200 (+50% Total Magic Power) Magic Damage to enemies along the path and slowing them by 25%. Ancient Seeds left by the vines will erupt into thorns after 1s, dealing 200 (+50% Total Magic Power) Magic Damage to enemies on the path and taunting them for 1.2s.

Deals 80% extra damage against Minions.","Nature's Strike","Belerick increases his Movement Speed by 80% and enhances his next Basic Attack. (The Movement Speed gained will decrease in 2s.)
This enhanced Basic Attack deals 300 (+60% Total Magic Power) Magic Damage and slows the target by 60% for 1.4s. Belerick also recovers HP equal to 240 plus 10% of his lost HP.
Each time Deadly Thorns is triggered, reduce the cooldown of this skill by 1s.","","","Wrath of Dryad","Belerick conjures spreading vines around him, dealing 100 (+30% Total Magic Power) Magic Damage to enemies in the area 4 times, taunting and slowing them for 1.5s."
"Benedetta","Assassin/Fighter","physical","Chase/Burst","Benedetta is a highly mobile assassin/fighter who excels at dashing through fights, dodging key skills, and slicing down priority targets with sustained burst damage. Her passive lets her store a sword slash while moving, turning basic movement into a threat that can poke, clear waves, and trade without fully committing. With multiple dashes in her kit and built?in damage reduction, she can weave in and out of combat, avoid crowd control, and outplay enemies who misjudge her cooldowns or positioning.

Benedetta fits best in dive or skirmish?oriented comps that can follow up on her engages and benefit from her ability to pressure the backline or side?lane. She thrives when she can flank, create chaos, and force enemies to blow key spells on her evasive kit instead of her carries. However, she is much less effective when locked down by hard point?and?click crowd control or when her team lacks follow?up damage, as her burst alone is often not enough to one?shot tanky targets. In the right hands and draft, Benedetta becomes a slippery frontline disruptor and finisher who can dominate side lanes and outplay team fights through timing and mobility","","","","Elapsed Daytime","When holding down the Basic Attack button, Benedetta enters the Swordout state and charges up Sword Intent. If the Basic Attack button is released after the Sword Intent is fully charged, Benedetta will use Swordout Slash in the direction she's facing and dash forward, dealing (+215% Total Physical Attack)Physical Damage to enemies on the path (counts as Skill Damage and is reduced to 50% on Minions and Creeps).Benedetta can only use Swordout Slash when her Sword Intent is fully charged and she is in Swordout state by holding down the Basic Attack button.Benedetta also gains Sword Intent by dealing damage with her Basic Attacks and skills.","Phantom Slash","Benedetta withdraws swiftly and leaves a shadow in front. After a short delay, her shadow slashes forward in a fan-shaped area, dealing 200 (+75% Total Physical Attack)Physical Damage and slowing the enemies by 60% for 0.5s.Meanwhile, Benedetta dashes forward to slash, dealing 75 (+100% Total Physical Attack)Physical Damage. (If the target is hit by her shadow, damage caused by Benedetta herself will increase to 200%.)","An Eye For An Eye","Benedetta raises her weapon to defend, gaining Control Immunity and blocking damage from any source for 0.8s. After this, she stabs in the designated direction, dealing 300 (+80% Total Physical Attack)Physical Damage. If Benedetta successfully fends off any damage while defending, she will gain full Sword Intent. If she fends off any control effects, her subsequent stab stuns the target for 1.5s.","","","Alecto: Final Blow","Benedetta clenches Alecto, dashes forward (Benedetta is untargetable during the dash), and performs a slash after a short delay, detonating the Sword Intent along the path. For 2.5s, the Sword Intent deals up to a total of 1560 (+1105% Extra Physical Attack)Physical Damage to enemies within and slows them by 50%."
"Brody","Marksman","Physical","Burst/Finisher","Brody is a burst/finisher marksman who trades raw attack speed for heavy, high?impact shots and strong self?mobility. His Basic Attacks apply Abyss Marks that ramp up his damage and movement speed, letting him kite aggressively while still outputting significant burst from range. With Abyss Impact to stack marks and slow, Corrosive Strike for a short dash and stun, and Torn?Apart Memory to cash in all marks at once, Brody excels at softening enemies in fights and then executing low?HP targets.

Brody fits best in drafts that want a safe, lane?dominant gold laner who can pressure early and still scale as a reliable finisher. He pairs well with supports and tanks that provide additional crowd control or peel so he can freely kite and line up empowered shots. While he has good self?peel and mobility, his longer attack animation and reliance on Abyss Marks mean he can be punished by hard dive or chain CC if he mispositions. When played around spacing, vision, and proper mark management, Brody becomes a high?threat marksman who can both open fights with strong poke and close them by bursting marked enemies down.","","","","Abyss Corrosion","
With his Basic Attacks resonated with the Abyss Power within his body, Brody is able to move while winding up his Basic Attacks (which will be interrupted when casting skills), at the cost of having longer Basic Attack Animation and lower Attack Speed Bonus. Each Basic Attack deals (+140% Total Physical Attack) (+45*Hero Level) Physical Damage (of which the damage scaling with level cannot be critical), increases Movement Speed by 30% (which will decay rapidly in 1.2s), and applies 1 stack of Abyss Mark on the enemy, capped at 4 stacks.
Each stack of Abyss Mark increases Brody's damage against the target by 5% and his Movement Speed by 5%.","Abyss Impact","Brody launches a shock wave in the designated direction, dealing 150 (+170% Total Physical Attack) Physical Damage, slowing the enemies by 30% for 1.2s, and applying 1 stack of Abyss Mark.

As the shock wave travels, for each enemy it hits, it deals an extra 10% damage, inflicts extra 5% slow effect, and applies an additional stack of Abyss Mark, capped at 130% damage, 45% slow effect, and 4 stacks. This skill deals only 80% damage to Minions.","Corrosive Strike","Brody dashes to an enemy, dealing 200 (+70% Total Physical Attack) Physical Damage to the target, stunning the target for 0.8s, and applying 1 stack of Abyss Mark on the target.
Upon hitting the target, he is able to move one more time in the movement direction, gaining 45% Movement Speed that will decay rapidly in 1.2s.","","","Torn-Apart Memory","Brody locks on all the targets within 8 unit(s), dealing 300 (+165% Extra Physical Attack) Physical Damage to them. If the target has an Abyss Mark, all Abyss Marks will be reset, dealing Physical Damage equal to 136 (+72% Extra Physical Attack) plus 4% of the target's lost HP for each stack the target has."
"Carmilla","Support/Tank","magic","Crowd Control/Damage","Carmilla is a support/tank who specializes in stealing enemy defenses, sustaining herself in fights, and dealing continuous area damage while enabling powerful crowd control chains. Her kit lets her sap Physical and Magic Defense from enemies, making both herself and her team’s damage more effective, while her skills provide AoE slows, damage, and self?healing that let her stay in the middle of skirmishes longer than most supports. With her ultimate, she links multiple enemy heroes together so they share damage and control effects, turning any stun, knock?up, or root from her team into a threat for the entire enemy backline.

Carmilla fits best in dive or wombo?combo compositions that can fully exploit her defense steal and linking mechanic. She synergizes extremely well with AoE mages and hard?engage tanks or fighters who want enemies grouped, as her ultimate amplifies both their burst and their crowd control. However, she is less effective if her team lacks follow?up damage or if fights are too spread out for her link to hit multiple targets. When drafted with strong AoE damage and reliable engage, Carmilla becomes a durable frontline enabler who softens enemy defenses, locks teams together, and turns clustered fights heavily in her team’s favor","","","","Vampire Pack","Each time Carmilla deals damage to an enemy hero, she steals 7-11 Physical & Magic Defense (scales with level) from them. The stolen Physical & Magic Defense can stack up to 5 times and lasts 5s. However, Carmilla can only steal defense from the same enemy hero once every 5s.","Crimson Flower","Carmilla summons two Crimson Flowers that circle around her for 5s, dealing 100 (+50% Total Magic Power) Magic Damage each time they hit an enemy and slowing them by 10% for 0.8s (the slow effect stacks up to 50%). The circling speed of the Crimson Flowers also increases with each hit.Carmilla recovers 75 (+35% Total Magic Power) HP each time a Crimson Flower deals damage (only recovers 30% of that amount when hitting Minions).","Bloodbath","Carmilla accumulates Bloodbath Energy, gaining 70% Movement Speed that decays over 4.5s.Use Again: Carmilla unleashes the accumulated Bloodbath Energy on the target enemy hero or Creep, dealing 150 (+120% Total Magic Power) Magic Damage and stunning them for 0.6s. The damage and stun duration scale with the accumulation time (up to 100%).","","","Curse Of Blood","Carmilla casts Curse of Blood on the target location, slowing enemies hit by 50%. After 0.8s, enemies still within the area will take 450 (+130% Total Magic Power) Magic Damage, and will be immobilized for 1s, slowed by 30% and linked for 5s.When a linked enemy takes damage or becomes controlled, all the other linked targets take 50% of the damage and become controlled for 100% of the duration. Enemies can move away from one another to break the link."
"Cecilion","Mage","magic","Poke/Burst","Cecilion is a scaling mage who specializes in long?range poke, mana?based damage amplification, and sustained team?fight presence. His kit revolves around stacking Max Mana and repeatedly hitting enemies with Bat Impact, which lets his damage ramp up extremely hard as the game goes late. With strong zoning, crowd control from Sanguine Claws, and a high?impact ultimate that grants mobility, lifesteal, and multi?hit AoE damage, Cecilion can chip away at enemies from a safe distance and still turn into a drain?tank threat in extended fights.

Cecilion fits best in drafts that are comfortable playing slow, front?to?back team fights and protecting a backline artillery mage. He pairs well with tanks and supports that offer peel, hard engage, or reliable lockdown so targets are forced to sit inside his Bat Impact and Bats Feast range. However, he is vulnerable to early aggression, ganks, and hard dive before he finishes his core mana and damage items. When his team buys enough time and space, Cecilion becomes a late?game monster who can control mid?lane tempo, shred grouped enemies with massive scaling damage, and out?sustain opponents in long objective fights","","","","Overflowing","Cecilion gains 10 extra Max Mana and recovers 10 Mana each time his skill hits an enemy. Cooldown: 1s.Cecilion has higher Max Mana and Mana Regen, and his skill damage scales with his Max Mana.","Bat Impact","Cecilion commands a giant bat to dive at the target location, gaining 30% extra Movement Speed for 1s, dealing 85 (+70% Total Magic Power)(+7% Total Mana)Magic Damage to enemies in its path. The bat also deals 170 (+140% Total Magic Power)(+14% Total Mana) extra Magic Damage to those near the landing point, and applies Overflowing effect once.Each subsequent cast within 6s increases this skill's Mana cost by 1.8 times (up to 4 stacks).","Sanguine Claws","Cecilion summons a pair of opposing claws at the target location that will clasp together after a short delay, pulling enemies in their paths to the center while dealing them 200 (+45% Total Magic Power)(+1.2% Total Mana)Magic Damage and immobilizing them for 1s.","Moonlit Waltz","When Carmilla is nearby, Cecilion can summon her to become a Vermil Shadow around him, granting him a 520-800 shield (scales with Carmilla's level).Carmilla can choose to leave Cecilion and charge at the target location, gaining an equal shield while dealing 520-800 Magic Damage (scales with level) to nearby enemies and slowing them by 30% for 1s.","Bats Feast","Cecilion unleashes his Blood Demon power, gaining 60% extra Movement Speed (decays over the duration) and Slow Immunity for 1.5s. Meanwhile, he fires 36 bolts of blood energy at nearby enemies, each dealing 35 (+8% Total Magic Power)(+0.3% Total Mana)Magic Damage to the enemy hit and slowing them by 3% (up to 30%) for 1s.Each bolt also restores 10 plus 1% of Cecilion's lost HP for him on hit."
"Change","Mage","magic","Poke/Burst","Chang’e is a long?range poke/burst mage who excels at chipping enemies down from a safe distance and controlling team?fight zones with continuous damage. Her kit revolves around stacking slows and damage through Starmoon Shockwave and Crimson Flower, allowing her to harass in lane, clear waves quickly, and win trades without over?committing. With Crescent Moon active, she gains a strong shield, bonus movement speed, and empowered basic attacks, making her surprisingly safe for a backline mage as long as she manages her positioning and cooldowns.

Chang’e fits best in comps that want strong siege, waveclear, and objective control around mid lane. She pairs well with frontliners and supports that can provide hard engage or reliable crowd control to keep enemies inside her Meteor Shower and Starmoon Shockwave range. In drawn?out fights around Lord, Turtle, or turrets, her ultimate can heavily chunk the entire enemy team or force them to retreat. However, she is vulnerable to hard dive and assassins if caught without her shield or mobility, so she relies on good frontline and vision. When drafted with solid peel, Chang’e becomes a high?pressure artillery mage who can constantly soften targets before her team commits","","","","Trouble Maker","Each time Chang'e deals damage to an enemy, she leaves a mark on them. Each mark reduces the target's Movement Speed by 1%, stacking up to 20%.","Starmoon Shockwave","Chang'e sends an energy sphere in the target direction, dealing 350 (+130% Total Magic Power)Magic Damage to enemies in its path and slowing them by 10% for 1.5s.Crescent Moon: The Crescent Moon sends 4 extra energy spheres along with Chang'e's, each dealing 20% damage and slowing enemies hit. The slow effect can stack (up to 20%).","Crescent Moon","Chang'e summons the Crescent Moon, gaining a permanent 300 (+150% Total Magic Power) shield and 10% Movement Speed (that lasts until the shield is destroyed). Each time Chang'e casts a skill, she also gains 50% Movement Speed that decays over 2.5s. Crescent Moon also allows Chang'e's Basic Attacks to deal 20 (+35% Total Physical Attack)(+35% Total Magic Power) additional Magic Damage 2 times.Each time Chang'e deals Magic Damage with her Basic Attack and skills, the cooldown of this skill is reduced by 0.2s.","","","Meteor Shower","Chang'e fires 30 meteors in the target direction over 4s, each dealing 60 (+33% Total Magic Power)Magic Damage to the first enemy hit. This skill deals 100% extra damage to Minions and Creeps. Chang'e also gains 10% Movement Speed for the duration.Crescent Moon: The Crescent Moon also fires meteors along with Chang'e, each dealing 33% damage."
"Chip","Support/Tank","Magic","Support/Crowd Control","Chip is a utility?focused tank/support who specializes in map control, mobility, and setting up plays rather than raw damage. His kit revolves around placing Checkpoints, creating Teleport Gates that let allies instantly reposition across the map, and using his skills to poke, slow, and disrupt enemies trying to contest those areas. With reliable shields and crowd control, Chip can both front line and peel, while his global?style mobility tools let his team collapse on fights faster, defend unexpected pushes, or instantly rotate to major objectives.

Chip works best in lineups that want to play fast and coordinated, especially with heroes that benefit from sudden collapses or long?range engages, such as dive assassins, flankers, or strong AoE team?fight mages. When paired with junglers and roamers who can call for quick reinforcements, Chip’s gates turn every skirmish or objective fight into a numbers advantage, allowing his team to out?rotate the enemy, punish overextensions, and force favorable 5v5s on their own terms. In the right composition, Chip functions as a macro enabler who makes the entire team more mobile and difficult to predict.","","","","Snack Time!","Chip starts eating potato chips once every 2s when out of combat, regenerating HP equal to 300 plus 45% of lost HP after finishing a whole bag (requires 4 bites). After eating a bag of chips, Chip will be full and cannot eat again for 5s. (The bite count will be saved if he enters combat before finishing a whole bag.)","Crash Course","Chip rams his hovercraft into the ground, dealing Magic Damage equal to 100 plus 4% of the target's Max HP and applying Chip's Mark on enemy units hit. Chip gains a 300 (+15% Extra Max HP) Shield upon hitting an enemy hero, which increases by 40% for each additional enemy hero hit. Chip's next Basic Attack will become ranged and also hit all nearby enemies with Chip's Mark, detonating the mark to deal 150 (+30% Total Magic Power) Magic Damage and stun each target for 0.6s.","Overtime","Chip rushes for 2s, gaining up to 65% extra Movement Speed, after which he maintains the max speed for 2s.

Chip's next Basic Attack will cause him to charge at the enemy, dealing 200 (+30% Total Magic Power) Magic Damage and knocking them back slightly.","Shortcut","Chip drops the Main Portal on an enemy hero, dealing 200 (+60% Total Magic Power) Magic Damage and briefly slowing them by 25%. The Main Portal deals 2 times the damage and immobilizes them for 1s after a delay. Meanwhile, he creates Connecting Portals near allied heroes 10 units away and behind the allied Base. The Main Portal and Connecting Portals last up to 15s.
Connecting Portal: Heroes (on both teams) can teleport from Connecting Portals to the Main Portal, and allied heroes gain Burst Movement Speed for 1.5s and a 500 shield.
Main Portal: The Main Portal inherits 70% of Chip's attributes. Heroes can stand on the Main Portal for 2s to return to the Connecting Portal they came from. Casting skills or launching Basic Attacks will reset the stand time.","Why Walk?","Chip has 4 fixed Beacons on the map when the battle starts. Use this skill to teleport to any other Beacon. (This skill cannot be used in combat.)"
"Chou","Fighter","Physical","Chase/Control","Chou is a high?skill fighter/assassin who specializes in pick potential, disruption, and shutting down priority targets with his flexible mobility and crowd control. His kit revolves around using Jeet Kune Do and Shunpo to weave dashes, outplay enemy skills, and position for a perfect The Way of Dragon kick that can isolate carries and knock them back into his team. With innate CC immunity windows and strong single?target control, Chou is very effective at denying enemy divers or deleting backline threats when played well.

Chou fits best in drafts that want a playmaking frontliner who can both peel and engage. He pairs extremely well with burst mages or marksmen that can quickly follow up on his kicks, as well as comps that rely on picks and skirmishes around vision. However, he is mechanically demanding and much less effective if he misses key engages or kicks the wrong target into safety. When piloted with good timing, lane management, and flank setups, Chou becomes a tempo?setting fighter who can dictate fights by deciding which enemy hero is allowed to play.","","","","Only Fast","After traveling 5 units, Chou deals 180% damage on his next Basic Attack (cannot Crit), briefly slows the target by 90% and reduces their Physical Defense by 10(+1*Hero Level) for 3s (up to 2 stacks).","Jeet Kune Do","Chou strikes in the target direction, dealing 180 (+70% Total Physical Attack) Physical Damage to enemies hit. This skill can be cast 3 times before it goes on cooldown. On the 3rd cast, Chou also knocks enemies hit airborne.

Hitting an enemy hero with the 3rd cast resets the cooldown of Shunpo.","Shunpo","Chou charges in the target direction, gaining Control Immunity and a 200 (+200% Extra Physical Attack) shield.","","","The Way of Dragon","Chou strikes a roundhouse kick at the target enemy hero, dealing them 400 (+200% Extra Physical Attack) Physical Damage and knocking them back.

Cast the skill again to chase up the target, dealing a total of 480 (+240% Extra Physical Attack) Physical Damage."
"Cici","Fighter","Physical","Damage/Regen","Cici is a mobile fighter who excels at extended trades, chasing targets, and shredding frontliners with sustained mixed damage. Her kit revolves around bouncing attacks and movement, allowing her to repeatedly stick to enemies, reposition mid?fight, and keep her damage flowing while healing through on?hit effects. With strong dueling power, good waveclear, and the ability to dive into the backline or pressure side?lanes, she can quickly punish immobile carries or bruisers who underestimate her sustain and mobility.

Cici fits best in drafts that want a skirmish?heavy fighter who can both side?lane and join 5v5s as a secondary engage threat. She pairs well with supports and tanks that provide crowd control or soft peel so she can safely enter fights and keep spinning through targets without being instantly burst down. In comps that already have a strong frontline, Cici functions as a disruptive backline diver who forces enemy carries to constantly kite or reposition. However, she can struggle into heavy hard?CC or burst that removes her before she can leverage her sustain. When drafted with good engage and protection, Cici becomes a high?tempo fighter who thrives in messy, drawn?out fights.","Performer's Delight","Cici generates a stack of Delight after dealing damage, increasing her Movement Speed by 0.75% and Spell Vamp by 0.75% per stack up to 10 times, doubling the effects at full stacks.","","Performer's Delight","Cici generates a stack of Delight after dealing damage, increasing her Movement Speed by 0.75% and Spell Vamp by 0.75% per stack up to 10 times, doubling the effects at full stacks.","Yo-Yo Blitz","Cici uses Yoyo to continuously attack the nearest enemy within range (prioritizing heroes) for 3.5s, hitting them up to 10 times, and dealing Physical Damage equal to 70 plus 3 (+1.2% Extra Physical Attack)% of the target's Max HP per hit. Cici can move and use other skills during this attack.

If there is no enemy within range, Yoyo will attack Turrets or the Base instead.

This skill deals 20% extra damage to Minions.
","Buoyant Bounce","Cici leaps to a target location. If she lands on any unit (not including Turrets and Base), she can leap again in the Joystick's direction. If she lands on an enemy with the first leap, she deals 200 (+40% Total Physical Attack) Physical Damage to them.","","","Curtain Call","Cici throws Yoyo at the target enemy hero and links them with another nearby enemy hero, dealing 100 (+10% Total Physical Attack) Physical Damage, slowing them by 30%, and pulling them together for 4s.

During this time, Cici can use Yo-Yo Blitz to attack both linked targets at the same time. If only one target is within the range of Yo-Yo Blitz, Cici will attack the target twice, but the damage of the second attack will be reduced to 25%."
"Claude","Marksman","Physical","Burst/Chase","Claude is a high?mobility marksman who excels at skirmishes, fast rotations, and shredding teams with AoE basic?attack damage. His kit revolves around stacking Attack Speed and using Battle Mirror Image to reposition, enabling him to dive in, unload damage with Blazing Duet, and then blink back to safety. With good itemization and passive stacking, Claude becomes a strong mid–late game carry who can quickly melt both frontline and backline if allowed to free?hit inside his ultimate.

Claude fits best in drafts that want fast tempo, strong pick potential, and aggressive team?fight setups. He synergizes well with engage tanks and supports that can lock enemies in place during Blazing Duet, as well as comps that provide vision and flank opportunities so he can safely enter fights from the side or back. However, he is vulnerable to hard crowd control and burst if he misuses his mirror image or dives without backup. When played around proper positioning, cooldown management, and wave manipulation, Claude becomes a slippery hyper?carry who can both pressure side?lanes and carry late?game fights","Battle Side-by-side","Dexter assists Claude on each of his Basic Attacks, dealing 25 (+25% Total Physical Attack) Physical Damage to the same target (inherits a portion of Attack Effects).","","Battle Side-by-side","Dexter assists Claude on each of his Basic Attacks, dealing 25 (+25% Total Physical Attack) Physical Damage to the same target (inherits a portion of Attack Effects).","Art of Thievery","Claude emits a disruption wave in the target direction, dealing 250 (+40% Total Physical Attack) Physical Damage to enemies in a fan-shaped area and reducing their Movement Speed by 20% and Attack Speed by 10%.

For each enemy hit, Claude gains 4% Movement & Attack Speed (doubled for enemy heroes hit) for 6s (up to 5 stacks).","Battle Mirror Image","Claude conjures a mirror image of Dexter at the target location that automatically attacks nearby enemies for 5.5s. The mirror image's Basic Attack deals 25 (+25% Total Physical Attack) Physical Damage and can trigger Claude's attack effects.

Use Again: Claude switches places with the mirror image.
","","","Blazing Duet","Claude and Dexter rapidly fire at nearby enemies for 3s, dealing 140 (+10% Total Physical Attack) Physical Damage to up to two enemies with each shot (these attacks count as Basic Attacks). Claude also gains a 20 (+3% Total Physical Attack) shield each time the Ultimate deals damage to an enemy."
"Clint","marksman","physical_crit","finisher/burst","Clint is a mid?range marksman who excels at bursty poke and quick front?to?back trades rather than pure sustained DPS. His passive lets him weave empowered shots between skills, turning every ability cast into a chance to chunk enemies with high single?target or AoE damage. With Flick Shot, Blind Smoke, and Tracer Bullet, Clint can harass from a safe distance, kite melee threats, and punish mispositioned backliners with sharp bursts that are hard to react to.

Clint fits best in drafts that want strong laning pressure and mid?game pick potential from the gold lane. He pairs well with supports or tanks that provide crowd control and vision so he can safely line up his combos and finish targets with his ultimate. However, he lacks innate mobility and can be vulnerable to hard dive and assassins if his frontline collapses or his positioning is off. When played around cover, vision, and good peel, Clint becomes a dangerous burst marksman who can control the lane and heavily impact skirmishes and early objective fights","","","","Double Shot","After each skill cast, Clint's next Basic Attack within 4s penetrates a line of enemies, dealing 150 (+100% Total Physical Attack)Physical Damage. This damage can trigger attack effects, and the part affected by Physical Attack can Crit.","Quick Draw","Clint fires 5 bullets in quick succession in the target direction, each dealing 250 (+85% Total Physical Attack)Physical Damage to the enemy hit.The bullets will spread evenly across enemies in a fan-shaped area. Enemies hit by multiple bullets will take less damage after the first bullet.","Trapping Recoil","Clint shoots a trap net in the target direction, slightly jumping back while dealing 140 (+30% Total Physical Attack) (+150% Total Magic Power)Physical Damage to the first enemy hit and immobilizing them for 1.2s.Successfully hitting an enemy reduces the cooldown of this skill by 40%.","","","Grenade Bombardment","Clint launches a grenade in the target direction that explodes on the first enemy hit, dealing 280 (+100% Total Physical Attack)Physical Damage and slowing them by 50% for 0.5s.Clint gains a grenade charge every 10s (up to 3)."
"Cyclops","Mage","magic","Damage/Control","Cyclops is a poke/control mage who excels at sustained spell damage, kiting, and locking down priority targets from mid range. His kit revolves around Starlit Hourglass, which constantly reduces his cooldowns when his skills hit, allowing him to spam abilities and keep enemies under near?permanent pressure. With Stardust Shock and Planets Attack, he can clear waves quickly, harass safely, and force opponents to respect his constant poke before objectives.

Cyclops fits best in drafts that want reliable magic DPS and consistent crowd control rather than all?in burst. His ultimate, Star Power Lockdown, gives his team a dependable single?target immobilize to catch mobile assassins or backline carries, making him valuable in both pick and front?to?back team?fight comps. He pairs well with junglers and tanks who can follow up on his lockdown or help him kite divers trying to reach him. However, he lacks hard mobility and can be punished by heavy dive or long?range burst if he mispositions. When played with good spacing and vision, Cyclops becomes a persistent threat who slowly overwhelms enemies with cooldown resets and nonstop spell pressure.","","","","Starlit Hourglass","Each time Cyclops hits an enemy with his skills, all his skill cooldowns are reduced by 0.5s.","Stardust Shock","Cyclops casts two Stardust Disks in the target direction, each dealing 275 (+60% Total Magic Power)Magic Damage to enemies in its path.","Planets Attack","Cyclops conjures Starlit Spheres around himself while gaining 50% Movement Speed that decays over 2s. The spheres will automatically seek and attack nearby enemies (prioritizes enemy heroes), exploding on collision and dealing 200 (+40% Total Magic Power)Magic Damage to the enemy. Enemies hit by multiple spheres will take reduced damage after the first hit.","","","Star Power Lockdown","Cyclops creates a Planetary Sphere and sends it after the target enemy hero or Creep, dealing 500 (+120% Total Magic Power)Magic Damage and immobilizing them for 0.75-1.5s (increases with travel distance)."
"Diggie","Support","magic","Guard/Poke","Diggie is a support hero who specializes in crowd control, anti?pick, and protecting his teammates from hard CC. His kit revolves around zoning enemies with his bombs, disrupting initiations, and providing safety so his cores can play aggressively. Diggie is especially strong against lineups that rely on hard engage or single?target lockdown to start fights.

Diggie works best with heroes that want to dive in or commit heavily, such as Alpha and other frontliners who need protection from stuns and suppressions. With his ultimate, Diggie can negate crucial enemy control effects, turn losing engages into favorable fights, and give his team confidence to contest objectives without fear of getting instantly caught.","","","","Young Again","Upon death, Diggie reverses time and turns back to egg form, in which he can continue to move around and gains a new set of skills. He cannot be targeted in egg form and will revive after a period of time.","Auto Alarm Bomb","Diggie flings an owl alarm to the target location that remains stationary for 25s or until it reacts to the first enemy in range, chasing them and exploding upon collision. The explosion deals 350 (+100% Total Magic Power) Magic Damage to enemies hit and slows them by 30%. Diggie gains 2 stacks of Dangerous Sparks each time an enemy hero is hit by the explosion (up to 60 stacks), each stack increasing the skill's damage by 1%. He loses half the stacks upon death, but can gain 1 stack of Dangerous Sparks each time his skill hits an enemy hero when in egg form.Up to 5 owl alarms can exist at the same time.","Reverse Time","Diggie marks the target enemy hero for 4s and pulls them back to their previous location after the duration ends, dealing 150 (+100% Total Magic Power) Magic Damage and briefly slowing them by 80%.If the enemy moves out of the circle, the pull will be triggered early.","","","Time Journey","Diggie removes all debuffs on nearby allied heroes (including himself) and grants them a 650 (+300% Total Magic Power) shield and Control Immunity for 2s. He also gains 50% Movement Speed for 0.5s."
"Dyrroth","Fighter","Physical","Charge/Burst","Dyrroth is an aggressive fighter who excels at shredding frontline targets and dominating extended skirmishes. His kit revolves around stacking his passive to enhance Basic Attacks, reducing enemy defenses, and weaving in skill resets for constant gap closing and damage. With strong lane trading, armor reduction, and a reliable execute on his ultimate, Dyrroth can quickly pressure side lanes and punish tanky heroes who try to stand in front.

Dyrroth fits best in drafts that want a proactive fighter who can dive with the frontline, break through tanks, and clean up low?HP targets. He pairs well with engage supports and crowd?control tanks that can lock enemies in place for his burst windows, as well as lineups that lack %HP or armor?penetration damage from other roles. However, he is vulnerable to heavy crowd control and kiting from ranged carries if he misuses his dashes or overextends without backup. When played with good timing, flanks, and target selection, Dyrroth becomes a high?pressure bruiser who can open fights by softening the frontline and finish them by executing weakened enemies","","","","Wrath of the Abyss","When Dyrroth's Rage reaches 50%, he will enhance Burst Strike and Spectre Step.
After every 2 Basic Attacks, Dyrroth will release Circle Strike, dealing (+160% Total Physical Attack) Physical Damage to enemies in the circle and recovering (20 + 8% of his Max HP) (halved against Minions) (Circle Strike doesn't have Attack Effect). Each time he hits an enemy hero, the cooldown of Burst Strike and Spectre Step will be reduced by 1s.","Burst Strike","Dyrroth releases a burst strike in a designated direction. Each burst deals 200 (+60% Total Physical Attack) Physical Damage to enemies and slows them by 25% for 1.5s. (The damage decays against the same target and decreases to only 75% on minions.)

Abyss Enhanced: Burst Strike has a longer range, deals 140% of the original damage, and its Slowing Effect is doubled.","Spectre Step","Dyrroth dashes in the designated direction. He will stop when he has traveled the max distance or hits one enemy hero or a Creep, dealing 230 (+60% Extra Physical Attack) Physical Damage to the target and slightly knocking them back. When he uses this skill again, he will lock onto a target and release a Fatal Strike, dealing 345 (+120% Extra Physical Attack) Physical Damage and reducing the target's Physical Defense by 40% for 4s.
Abyss Enhanced: Fatal Strike will reach further and deal 150% of the original damage, slow the target by an extra 90% and reduce the target's Physical Defense by 60% for 4s.","","","Abysm Strike","After a short delay, Dyrroth launches a destructive strike in the target direction (this skill can only be interrupted by Suppression), dealing 650 (+250% Extra Physical Attack) plus 20% of the target's lost HP as Physical Damage to enemies in its path, and slowing them by 55% for 0.8s. This skill deals up to 1500 damage to non-hero enemies."
"Edith","Tank/Marksman","physical","Control/Burst","Edith is a unique tank/marksman hybrid who can switch between a durable front?line mech form and a high?damage ranged carry form. In her Phylax form, she acts as a traditional tank—soaking damage, providing crowd control, and zoning enemies with knock?ups and displacement. After building up enough energy, she can transform into Edith form, gaining range, attack speed, and burst damage to clean up fights from the backline. This dual?form design lets her start fights as a frontliner and then pivot into a temporary DPS threat once the enemy has used key cooldowns.

Edith fits best in drafts that want a flexible frontliner who still contributes meaningful damage, especially in comps that like long skirmishes and front?to?back team fights. She pairs well with supports and junglers who can follow up on her CC in Phylax form and buy time for her to safely output damage in Edith form. However, she can feel underwhelming if her transformations are mistimed, if the team lacks follow?up on her engages, or if the enemy has heavy %HP damage that shreds tanks. When drafted with good peel and coordination, Edith becomes a versatile engage?to?DPS bridge who can both start fights and help finish them","","","","Overload","After each skill cast, Edith and Phylax become Overloaded for 3s, during which all Basic Attacks will trigger chain lightning, dealing extra Magic Damage equal to (+20% Total Magic Power) plus 3(+0.2*Hero Level)% of the target's Max HP to up to 4 enemies.Chain lightning damage against Minions is increased to 150%.","Earth Shatter","After a 0.75s delay, Edith controls Phylax to launch an earth-shattering blow in a designated direction, dealing 225 (+10% Total HP)Physical Damage to enemies hit (deals 120% damage to minions) and knocking them airborne for 0.8s.This skill can only be interrupted by Suppression.","Onward","Edith controls Phylax to charge in the target direction, dealing 90 (+3% Total HP)Physical Damage to enemies along the way.If Phylax hits an enemy hero during the charge, it will stop immediately and throw them over its shoulder, dealing 108 (+5% Total HP)Physical Damage","","","Primal Wrath","Passive: When inside Phylax, Edith can accumulate Wrath according to the damage she receives (calculated before damage reduction).Active: Edith ejects herself forward from Phylax, knocking back nearby enemies. After that, she takes flight and can perform ranged Basic Attacks, each dealing 35 (+75% Total Physical Attack)(+25% Total Magic Power)Magic Damage. Edith also gains new skills in this state. When in flight, Edith gains 350 (+5% Total HP)-350 (+20% Total HP) extra Shield, 50%-150% extra Attack Speed and 5%-20% Hybrid Lifesteal based on the Wrath she accumulated, and converts each point of Extra Physical Defense and Extra Magic Defense Magic Power. The flight state lasts up to 8s."
"Esmeralda","Tank/Mage","Magic","Regen/Mixed Damage","Esmeralda is a durable mage–tank who specializes in stealing shields and outlasting enemies in extended fights. Her skills allow her to continuously generate shields for herself while converting enemy shields into her own sustain, making her very hard to burst down if she is allowed to farm and stick to targets. With good positioning, she can dive into the middle of the enemy team, absorb damage, and slowly drain the HP and shields of frontliners and squishy heroes alike. However, she is vulnerable to strong percentage HP damage, anti?shield or anti?regen effects, and hard crowd control that prevents her from freely moving and casting. Esmeralda works best with teammates who provide additional crowd control, frontline presence, and objective pressure so she can take long fights where her shielding and sustain have maximum impact","","","","Starmoon Casket","Esmeralda manipulates Stardust and Frostmoon: Stardust deals Physical Damage while Frostmoon deals Magic Damage and gives the target a shield equal to 135% of Frostmoon's damage dealt. Each Basic Attack deals (+100% Total Physical Attack) Physical Damage and 100 (+75% Total Magic Power) Magic Damage.
The damage dealt by Esmeralda ignores all shield effects and gradually converts her shield into HP.","Frostmoon Shield","Esmeralda gains 400 (+150% Total Magic Power) Shield and 40% Movement Speed which rapidly decays over its duration for 4s. Meanwhile, she gradually transforms the shields of her nearby enemies into her own shield, capped at 50% of her Max HP.","Stardust Dance","Esmeralda waves Stardust and Frostmoon, dealing 240 (+60% Total Physical Attack) Physical Damage and 300 (+120% Total Magic Power) Magic Damage to nearby enemies. Each time she deals damage to a hero, the cooldown of Frostmoon Shield is reduced by 1.5s (damaging non-hero units grants a 0.5s reduction) and the enemy's Movement Speed is reduced by 10% for 1.5s.","","","Falling Starmoon","Esmeralda coheres the power of Astrospace into her two weapons - Stardust and Frostmoon. The longer this skill is channeled, the longer the cast range.

Use Again: Esmeralda casts Stardust at the target location, dealing 350 (+90% Total Physical Attack) Physical Damage, and then blinks to the target location and casts Frostmoon, dealing 350 (+140% Total Magic Power) Magic Damage and immobilizing enemies in the area for 1s.
"
"Estes","support","magic","regen/guard","Estes is a pure support healer who excels at keeping his team alive in extended fights and stabilizing skirmishes that would otherwise be lost. His kit revolves around strong single?target and AoE healing, plus slows and basic crowd control that help kite enemies and protect his carries. With his ultimate active, Estes can massively boost his team’s sustain in 5v5s, allowing them to outlast enemy burst as long as they stay within his healing radius and position around him properly.

Estes fits best in team compositions that want to group early, force coordinated fights, and play front?to?back around durable tanks or hyper?carries. He pairs extremely well with comps that lack self?sustain but have strong DPS, enabling them to keep dealing damage while he handles the defensive side. However, he is vulnerable to hard engage, anti?heal, and dive that bypasses the frontline to reach him or his backline. When drafted into lineups that can front line for him and itemize against Grievous Wounds/anti?regen, Estes becomes a powerful backbone of team fights who turns every extended battle into a war of attrition his team is favored to win","Scripture of the Moon Elf","Estes mengisi energi secara bertahap seiring waktu.

Ketika energi penuh, basic attack Estes memberikan tambahan magic damage ke target utama dan musuh di sekitarnya.

Basic attack yang terisi energi juga memberikan efek slow pada musuh yang terkena, memperlambat pergerakan mereka.

Passive ini mendukung Estes untuk tidak hanya sebagai healer, tetapi juga memiliki kontribusi damage dan crowd control ringan melalui basic attack-nya saat energi passive aktif. Ini membuat Estes cukup berguna dalam pertarungan tim sekaligus menjaga jarak dengan mengurangi kecepatan musuh","","Scripture of the Moon Elf","Scripture of the Moon Elf slowly charges Estes with energy. when the energy reaches 100 stacks, Estes' next Basic Attack will become enhanced dealing 250(+100 Total Physical attack) (+150% Total Magic Power) Magic Damage to the target and 125 (+50% total physical attack)(+75% total magic power)Magic Damage to nearby enemies and slowing them by 60% for 1.5s","Moonlight Immersion","Estes restores 250(+110% Total magic power) HP to the target allied hero immediately and links himself with them for 3s, slowly restoring 325 (+60% Total Magic Power) HP to the target. Linking with an allied hero will also increase estes' hybrid defense by 20 and movement speed by 15%, as well as the energy charging speed of the scripture of the moon elf. being too far from the target will break the link.","Domain of Moon Goddess","Estes drops a flood of moonlight on the target area. dealing 350(+70% total magic power) Magic Damage to enemy units within it. Afterwards, it turns into a Domain of the Moon Goddess and reveals enemies inside it. Enemies will be slowed by 90% for 1.5s if they touch the edge of the domain area.(The slow effect will decay over time)","","","Blessing of Moon Goddess","Estes casts an enhanced Moonlight Immersion on all nearby allied heroes. within the next 8s. Moonlight immersion will be enhanced and estes will continuously recover 1230 (+210% total magic power) HP."
"Eudora","Mage","magic","Control/Burst","Eudora is a classic burst mage who specializes in point?and?click damage and reliable single?target pick potential. Her kit revolves around stacking her passive to amplify damage, then using her quick combo of stun plus follow?up skills to instantly delete squishy targets before they can react. With simple but very high front?loaded damage, she is especially threatening in fog of war, brushes, and tight jungle paths where enemies have limited time to dodge or disengage.

Eudora fits best in drafts that want straightforward, easy?to?execute pick and burst compositions. She pairs extremely well with tanks or supports that can provide vision, lockdown, or peel so she can safely step into range, stun a priority target, and complete her combo. However, she lacks mobility and sustained damage, making her vulnerable to long fights, heavy poke, or assassins that can dodge her initial stun and collapse on her. When drafted with good frontline and engage, Eudora becomes a simple but very effective answer to fragile backliners and immobile mages who misposition even once","","","","Superconductor","Eudora's skills inflict Superconductor for 3s on hit and can trigger additional effects against enemies affected by Superconductor","Forked lightning","Eudora casts forked lightning in the target direction, dealing 350 (+150% Total Magic Power)Magic Damage to enemies in a fan-shaped area.Enemies affected by Superconductor will take 190 (+30% Total Magic Power) extra Magic Damage after a short delay.","Ball Lightning","Eudora hurls an orb of lightning at the target enemy, dealing 350 (+80% Total Magic Power)Magic Damage, stunning them for 1.2s, and reducing their Magic Defense by 10 for 1.8s.If the enemy is affected by Superconductor, the lightning orb will bounce to up to 3 nearby enemies (prioritizes enemy heroes), dealing 175 (+40% Total Magic Power)Magic Damage and stunning them for 0.9s.","","","Thunder's Wrath","Eudora calls down a blast of lightning on the target enemy, dealing 480 (+180% Total Magic Power)Magic DamageIf the enemy is affected by Superconductor, dark clouds appear over their head and unleash an additional lightning strike on the area after 0.8s, dealing 440 (+150% Total Magic Power)Magic Damage to enemies within and 360 (+150% Total Magic Power)Magic Damage to nearby enemies."
"Fanny","Assassin","Physical","Charge/Finished","Fanny is a high-mobility Physical Assassin who specializes in rapid engages and burst damage through her cable mechanics. Her passive, Air Superiority, lets her deal increased damage while flying and apply Prey Marks that refund energy when she hits marked enemy heroes with her skills, rewarding precise and aggressive play. Tornado Strike provides close-range AoE damage as she spins her blades, while Steel Cable is the core of her kit, allowing her to dash between walls, automatically triggering Tornado Strike on enemies mid-flight when she has enough energy and enabling creative paths and sudden picks. Her ultimate, Cut Throat, delivers a powerful single-target execute whose damage scales heavily with the number of Prey Marks, making fully marked squishy targets extremely vulnerable. Fanny is very hard to master and heavily dependent on energy management, map awareness, and wall usage, but in the right hands she can quickly eliminate priority targets and dominate chaotic fights.","","","","Air Superiority","During flight, Fanny deals 10%-20% extra damage to enemies hit (scales with flying speed) and applies a stack of Prey Mark to them (up to 2 stacks) on each attack. Her subsequent skill hits on marked enemy heroes restore 8 energy per stack for her. The energy restoration is reduced if she hits multiple enemy heroes within a short period of time.","Tornado Strike","Fanny whirls her blades, dealing 275 (+85% Total Physical Attack) Physical Damage to nearby enemies.","Steel Cable","Fanny shoots a cable in the target direction that pulls her to the first obstacle hit. She can cast this skill again within 2s until her energy runs out. Each successive cast reduces the skill's energy cost by 2.

Fanny automatically casts Tornado Strike upon hitting an enemy mid-flight, as long as her energy is sufficient.","","","Cut Throat","Fanny leaps at the target enemy hero or Creep with her blades, dealing 400 (+200% Extra Physical Attack) Physical Damage. Each stack of Prey Mark on the target increases this damage by 30%."
"Faramis","Support/Mage","magic","Guard/Charge","Faramis is a support/mage who excels at turning chaotic team fights in his team’s favor through revives, area control, and sustained magic damage. His kit revolves around gathering soul fragments to increase his power, disrupting enemy positioning with Shadow Stampede pulls, and spreading damage across multiple targets with Ghost Bursters. In extended fights around objectives, Faramis becomes increasingly dangerous as he collects more fragments and keeps enemies trapped in his damage zones.

Faramis works best with lineups that want to hard engage or fight in tight spaces, such as compositions built around frontliners like Baxia, Thamuz, or other dive heroes. With Nether Realm, he can give his team a powerful pseudo?revive and extra HP, allowing them to commit deeper, absorb enemy ultimates, and re?enter the fight while the enemy has already spent key cooldowns. In the right team, Faramis can completely change how risky engages feel, enabling aggressive, high?tempo playstyles","","","","Vicious Retrieval","Every 4s, Faramis' next skill against enemy heroes and summoned objects generates a soul fragment on the spot. Faramis can absorb the soul fragment to restore 100 (+50% Total Magic Power) HP and gain 2 extra Magic Power (up to 40 stacks). Upon death, he consumes the absorbed soul fragments to reduce the respawn timer, each reducing the timer by 3% (up to 90%). Enemies that die around Faramis also have a chance to drop soul fragments.","Shadow Stampede","Faramis enters the Shadow state for 3s, gaining 70% extra Movement Speed, 25 extra Physical & Magic Defense, 20% cooldown reduction of this skill, and the ability to move through terrain. Enemy heroes that come into contact with Faramis in this state are dealt 250 (+60% Total Magic Power) Magic Damage and applied with a Nether Mark. Upon leaving the Shadow state, Faramis drags all the marked enemy heroes toward him, dealing 250 (+60% Total Magic Power) Magic Damage. Use again to leave the Shadow state early and drag marked enemies toward him.
The range of soul fragment absorption is increased while this skill is active.","Ghost Bursters","Faramis gathers Nether energy in a fan-shaped area ahead, dealing 330 (+144% Total Magic Power) Magic Damage to enemies within. The energy will then split and bounce to nearby enemies, dealing 200 (+86% Total Magic Power) Magic Damage (splits up to 2 time(s) on enemy hero hits and 1 time(s) on non-enemy hero hits).","","","Nether Realm","Faramis turns his surroundings into the Nether Realm for 6s, making affected allied heroes (including himself) enter the Specter state and granting them 400 plus 10 (+5% Total Magic Power)% extra HP and 50% extra Movement Speed for 1s. When the Specter state breaks, the hero will clear all debuffs and enter a brief Resurrection state for 1.3s. An allied hero's Specter state ends when they leave the Nether Realm."
"Floryn","Support","magic","Poke/Guard","Floryn is a backline support who focuses on healing, shielding, and empowering her teammates rather than dealing damage herself. Her kit revolves around providing sustained sustain, global healing, and utility from a safe distance, allowing her cores to play more aggressively without constantly recalling. With her shared item mechanic and teamwide buffs, Floryn scales well into mid and late game, especially in coordinated team fights around objectives.

Floryn works best with heroes that want to dive in or stay in the middle of fights for a long time, such as fighters and frontliners like Baxia, Alpha, or Thamuz, as well as fragile hypercarries that need protection. In the right lineup, she can keep her front line alive through heavy burst, stabilize chaotic skirmishes with clutch global heals, and turn losing fights around by extending how long her team can stay on the map without giving up tempo","","","","Dew","Dew's Lantern will permanently increase Floryn's attributes by a small amount.

After leaving combat for 5s, Floryn can share the Flower of Hope with an allied hero (30s cooldown), which will grant them a 100 (+70% Total Magic Power) shield each time they are healed by Floryn.

Floryn will never sell the Lantern","Sow","Floryn tosses an Energy Seed at the target enemy, dealing 180 (+100% Total Magic Power)Magic Damage. Healing Fruits will then spawn and bounce to nearby allied heroes, restoring their HP by 175 (+90% Total Magic Power)","Sprout","Floryn casts a blob of energy ahead that explodes upon hitting an enemy, dealing 175 (+90% Total Magic Power)Magic Damage to nearby enemies and stunning them for 0.5s (and revealing their positions briefly).","","","Bloom","Floryn resonates with Dew's power, restoring 250 (+100% Total Magic Power)HP to all allied heroes 2 times no matter where they are. This effect also increases their Shield and HP Regen by 12% for 2s."
"Franco","Tank","physical","Initiator/Control","Franco is a hard?engage tank who specializes in picks, single?target lockdown, and front?line disruption. His kit revolves around threatening long?range hooks with Iron Hook, forcing enemies to constantly respect his positioning and the fog of war. Once he lands a hook, Franco can immediately follow up with Fury Shock and Bloody Hunt to suppress and burst a priority target, often deleting them with his team before the fight truly begins. Outside of picks, his high base durability and AoE slow let him peel effectively and soak damage on the front line.

Franco fits best in drafts that want simple, pick?oriented engage tools and strong early–mid game pressure. He pairs extremely well with burst mages and high?damage marksmen who can instantly follow up on a successful hook or ultimate. He is especially powerful in comps that play around vision control, brush setups, and objective traps. However, Franco can struggle into highly mobile backliners, comps with strong disengage, or teams that group tightly and position well behind minions. When drafted with good follow?up damage and vision, Franco becomes a constant threat on the map, turning any misstep into a numbers advantage and forcing the enemy team to play cautiously at all times","","","","Westeland Force","If no damage is taken within 5s, Franco gains 10% Movement Speed, recovers 1% Max HP per second, and begins accumulating Wasteland Force (up to 10 stacks).Franco will consume all Wasteland Force stacks on his next skill cast to increase the skill's damage by up to 150%.","Iron Hook","Franco launches an iron hook in the target direction. The hook will snag the first enemy unit hit, dealing 400 (+100% Total Physical Attack)Physical Damage and dragging them to Franco.","Fury Shock","Franco lashes out, dealing Physical Damage equal to 300 plus 4% of his Max HP to nearby enemies and slowing them by 70% for 1.5s.","","","Bloody Hunt","Franco suppresses the target enemy hero for 1.8s and strikes them 6 times over the duration, each time dealing 50 (+70% Total Physical Attack)Physical Damage"
"Fredrinn","Fighter/Tank","Physical","Damage/Chase","Fredrinn is a front?line fighter/tank who specializes in layered crowd control, damage conversion, and outlasting enemies in extended fights. His kit revolves around building up Combo Points and using skills in sequence to unlock stronger versions and a powerful finisher, letting him trade aggressively while staying surprisingly durable. With a mix of displacement, taunt, and damage?to?shield mechanics, Fredrinn can both peel for his backline and dive into the enemy team to disrupt their formation.

Fredrinn fits best in team compositions that want a durable engage/peel hybrid who can front line confidently and buy time for carries. He pairs well with sustained DPS marksmen or mages who can take advantage of the space he creates and the targets he locks down. While he is hard to burst and scales well in skirmishes, he can struggle against heavy %HP damage or comps that completely ignore him and dive past his front line. When piloted with good combo management and positioning, Fredrinn becomes a reliable anchor who soaks damage, controls key targets, and turns long fights in his team’s favor.","Crystalline Armor","Fredrinn gains 1 Combo Point that lasts 5s each time his skill hits a non-minion enemy, up to 4 Combo Points. His Ultimates cost different numbers of Combo Points.

Fredrinn stores 100% of the damage he receives as Crystal Energy, which decays after 5s at a rate of 10% Max HP per second.
Fredrinn can convert the stored Crystal Energy into HP by 20% of his damage dealt (10% for damage dealt to minions). Gaining a Combo Point resets the decaying timer.","","Piercing Strike","Fredrinn thrusts his sword in the target direction, dealing 125 (+7% Total HP) (+120% Extra Physical Attack) Physical Damage to enemies hit and slowing them by 30% for 2s. His next Basic Attack gains extra attack range and deals 85 (+100% Total Physical Attack) Physical Damage.
This skill deals 200% damage to non-hero enemies.","Brave Assault","Fredrinn dashes in the target direction, dealing 140 (+80% Extra Physical Attack) Physical Damage to the first non-minion enemy hit. His next Basic Attack knocks the target airborne for 0.3s.","Energy Eruption","Fredrinn deals 210 (+100% Extra Physical Attack) Physical Damage to nearby enemies and taunts them for 1s. Hitting a non-minion enemy grants Fredrinn 25 Physical & Magic Defense for 3s and reduces the cooldowns of Piercing Strike and Brave Assault by 75%.
This skill costs 1 Combo Point.","","","Appraiser's Wrath","Fredrinn slams his sword in the target direction (this skill can only be interrupted by Suppression), dealing 600 plus 21% of his Crystal Energy as Physical Damage to enemies in a fan-shaped area after a short delay. Enemies in the center of the area take 175% damage. This skill doubles the conversion ratio based on damage dealt to enemy heroes from stored Crystal Energy to HP.
This skill costs 3 Combo Points."
"Freya","Fighter","Physical","Chase/Damage","Freya is a fighter who relies on jumping into the middle of fights, using her shields and empowered basic attacks to trade aggressively at close range. Her kit gives her strong single-target lockdown and burst during her ultimate, allowing her to quickly pressure squishy heroes or frontline targets that stand too close. With items, Freya can become very durable while still dealing meaningful damage, making her a constant threat in skirmishes and small teamfights. However, she is vulnerable to kiting, hard crowd control, and heroes that can out-sustain or out-range her before she gets into melee range. Freya works best with teammates who provide reliable engage, additional crowd control, or peel so she can safely dive in, stick to her targets, and avoid being focused down too early in the fight.","","","","Power of Einherjar","Freya gains 1 Sacred Orb with each Basic Attack (up to 6 Sacred Orbs). Consuming 1 Sacred Orb grants Freya 100% Attack Speed for her next Basic Attack (max 6 stacks).
Sacred Orbs gradually recover when out of combat.","Leap of Faith","Freya leaps to the target area and strikes the ground with her shield, gaining 500 (+100% Total Physical Attack) shield and dealing 200 (+80% Extra Physical Attack) Physical Damage to enemies within while knocking them airborne for 0.4s.","Valkyrie Slash","Freya charges forward and slashes, dealing 150 (+50% Total Physical Attack) Physical Damage and slowing enemies by 30% for 0.5s. This skill has no base cooldown but consumes 2 Sacred Orbs per cast.
This skill deals 50% damage to Creeps.","","","Valkyrie Descent","Freya selects a target area and dives down as a Sacred Orb, dealing 300 (+75% Total Physical Attack) Physical Damage and 40% slow to enemies in her path and at the landing point for 2s. Upon landing, Freya enters the Valkyrie state for 12s, during which her Basic Attacks deal 30 extra damage (extra damage cannot Crit) and she recovers 60 (+40% Total Physical Attack) HP per Basic Attack, and her Basic Attacks deal splash damage."
"Gatotkaca","tank/fighter","magic","crowd/burst","Gatotkaca is a durable tank/fighter who specializes in hard engage, damage absorption, and disruptive crowd control. His kit revolves around jumping into the middle of the enemy team, soaking damage through his passive damage?to?defense conversion, and locking multiple targets in place so his allies can freely follow up. With his strong taunt, slows, and knock?ups, Gatotkaca can repeatedly force enemies to fight on his terms and make it difficult for them to ignore him or bypass the frontline.

Gatotkaca works best with heroes who can quickly capitalize on his initiation, such as burst mages, marksmen, or fighters like Alpha, Thamuz, or Terizla who want enemies grouped together. When paired with strong AoE damage or follow?up crowd control, his ultimate can start devastating team fights, allowing his team to wipe clustered opponents or secure key objectives. In the right lineup, Gatotkaca acts as both a primary engager and a reliable frontliner who creates space and safety for his backline","","","","Steel Bones","Gatotkaca gains Physical Defense equal to 2% of his lost HP (up to 200). For every 300 damage he takes (calculated before damage reduction), he gains 5 Rage (up to 100). Upon reaching over 25 Rage, Gatotkaca's next Basic Attack becomes enhanced, consuming all Rage to deal extra Magic Damage  and recover HP. The extra damage scales with his Rage, level, and Magic Power.","Blast Iron First","Gatotkaca slams the ground, creating a shattered zone in the target direction while dealing 200  (+150% Total Magic Power) Magic Damage  to enemies within. Enemies in the shattered zone will take 100 (+20% Total Magic Power) Magic Damage  per second and be slowed by 30%.","Unbreakable","Gatotkaca begins channeling, then sprints in the target direction with a battle cry, forcing enemies on the path to attack him and deal 200 (+100% Total Magic Power) Magic Damage  for 1.5s. The sprint distance scales with the channel time. Canceling the Skill reduces 50% of the remaining Cooldown.","","","Avatar of the Guardian","Gatotkaca jumps to the target location, dealing 500 (+300% Total Magic Power)Magic Damage to nearby enemies and knocking them airborne for 1s. Enemies near the center of the area will be knocked airborne for a longer duration, while enemies on the fringes will be pulled to the center. The camera will move with the skill indicator but won't grant extra sight."
"Gloo","tank","Magic","Regen/Control","Gloo is a disruptive tank who specializes in sustained crowd control, damage transfer, and front?line disruption rather than burst. His kit revolves around applying Sticky stacks to enemies, repeatedly slowing them, reducing their damage against him, and creating multiple Goos that zone and immobilize targets. With strong self?healing, frequent immobilizes, and the ability to repeatedly reset his first skill when interacting with Goos, Gloo becomes harder to kill the longer he stays in the middle of a fight.

Gloo fits best in team compositions that want extended team fights and strong front?to?back control. His ultimate, Grab, Grab, lets him latch onto a priority target, redirect a large portion of the damage he takes to them, and effectively “kidnap” carries by forcing them to move with him. He pairs very well with AoE damage mages and fighters who can capitalize on grouped and slowed enemies. However, he is less effective in fast, pick?oriented comps that end fights quickly or against lineups with high mobility and strong disengage. When drafted into coordinated, team?fight focused comps, Gloo acts as a sticky frontliner who constantly disrupts enemy formations and makes it difficult for them to focus the right targets","","","","Stick, Stick","Enemies gain a stack of Sticky each time they're hit by Gloo's skills, decreasing their Movement Speed by 4% for 6s. Stacks up to 5.
Each stack of Sticky on an enemy reduces their damage dealt to Gloo by 4%.","Slam, Slam","Gloo reaches out and slams the ground, dealing 80 (+80% Total Magic Power) Magic Damage to the enemy.
At the final location, a Goo is left behind that explodes after 3s to deal 300 (+12% Extra Max HP) Magic Damage to nearby enemies and immobilize them for 1s. If Gloo touches the Goo, it will explode immediately, reset the skill's cooldown, and heal Gloo for 2.5% of Max HP if the explosion hits an enemy (doubled if it hits an enemy hero).","Spread, Spread","Gloo splits into Goos, dealing 100 (+80% Total Magic Power) Magic Damage to enemies in a fan-shaped area and immobilizing them for 0.5s. While split, Gloo gains 10% Movement Speed and deals 80 (+15% Total Magic Power) Magic Damage every 0.25s to enemies it touches, lasting 4s.
If this skill hits a Goo, Gloo will charge over to merge with it, dragging enemies in its path in the same direction for a distance.","","","Grab, Grab","Unlocked when any enemy hero has full Sticky stacks. Gloo attaches itself to the target enemy hero for up to 9s, recovering 25% of its Max HP. For the duration, its Basic Attacks are converted to deal 30 (+50% Total Magic Power) (+6% Extra Max HP) Magic Damage, and it transfers 80% of the damage it receives (excluding damage from turrets) to its host. If the target dies while attached, this skill's cooldown is reduced to 5s."
"Gord","Mage","Magic","poke/burst","Gord is a high-damage mage who focuses on long-range poke and sustained magic damage through his skill combo. His abilities let him control space in team fights, harass enemies from a safe distance, and punish targets that misposition or walk through choke points. Once he locks someone with his stun, he can quickly follow up with his ultimate channel to melt squishy heroes and force the enemy team to scatter. However, Gord is very immobile and vulnerable to assassins, hard engage, and crowd control that can interrupt his ultimate. He works best when paired with teammates who can peel, provide vision, and set up reliable lockdown so he can safely channel his damage from the backline.","","","","Mystic Favor","After Gord hits an enemy 4 times with skills within a short period of time, the next skill damage will deal an additional 140 (+60% Total Magic Power) True Damage and slow them by 20% for 1s (the slow effect stacks up to 2 times).","Mystic Projectile","Gord conjures a Mystic Orb that bounces in the target direction and explodes on the first enemy hit, dealing 270 (+80% Total Magic Power) Magic Damage to enemies in the area, while stunning them and revealing their locations for 1s.","Mystic Injunction","Gord creates an energy field in the target area, dealing 30 (+14% Total Magic Power) Magic Damage every 0.25s to enemies within (up to 16 times).","","","Mystic Gush","Gord unleashes an energy beam in the target direction, dealing 110 (+32% Total Magic Power) Magic Damage to enemies hit every 0.2s (up to 16 times).

The direction of the beam can be adjusted using the Joystick."
"Granger","Marksman","Physical","Burst/Finisher","Granger is a burst-focused marksman who relies on precise skill shots and careful positioning rather than continuous basic attacks. His kit lets him quickly unload high damage in a short window, making him very strong at punishing mispositioned enemies and securing picks before objectives. With proper farm and items, Granger can delete squishy targets from a safe distance, especially when he has vision and frontline protection. However, he is vulnerable when his skills are on cooldown, and he struggles against heavy crowd control, hard engage, and heroes that can dive or outrange him. Granger works best with teammates who can provide reliable crowd control, vision, and peel so he can safely fire his shots and clean up fights.","","","","Capriccio","Granger's unique Demon Hunting Gun and Cannon are powered by Demonic Energy. Both his weapons have a starting Energy cap of 800. His Gun restores 8% Energy per second while his Cannon restores 2% Energy per second. Each Minion / Creep kill will permanently increase the Energy cap of Granger's Gun and Cannon by 6 / 6, and instantly restore their Energy by 5% / 5%, respectively. Every kill or assist on an enemy hero will permanently increase their Energy cap by 12 and instantly restore 10% Energy.
Every 1% CD Reduction Granger gains is converted into 2 Physical Attack. Demonic Energy cost is not affected by Energy Cost Reductions.","Rhapsody","Granger rapidly fires 6 shot(s) with his Gun, with each shot dealing 60 (+45% Total Physical Attack) Physical Damage and consuming 70 Gun Energy. The last bullet is guaranteed to Crit. Each bullet deals an additional 35 damage to Creeps and Minions. While firing, Granger's Movement Speed is increased by 10%.

Granger stops firing when he runs out of Energy, or when the skill is cast again. Rhapsody has a brief cooldown and can be cast once his Gun Energy is over 420.","Rondo","Granger uses his Demon Hunter agility to dash in the target direction, instantly restoring 15% Energy for his Gun.

Rondo can be cast while channeling Rhapsody. Each time Rhapsody hits an enemy, Rondo's Cooldown is reduced by 0.5s.","","","Death Sonata","Granger fires his Cannon in the target direction, dealing 150 (+110% Total Physical Attack) Physical Damage to the first enemy hero hit and other targets in the blast radius. Targets hit will be briefly slowed. Granger can roll in the Joystick's direction after each shot.
Death Sonata can be cast while firing Rhapsody. Death Sonata has a brief cooldown and consumes 250 of Granger's Cannon Energy per shot."
"Grock","Tank/Fighter","Physical","Crowd Control/Initiator","Grock is a tank/fighter who excels at hard engage, front?line control, and punishing enemies that fight near terrain. His kit revolves around charging through walls for extra damage and mobility, creating zone?blocking walls that reshape the battlefield, and using Tectonic Charge to deliver explosive knock?ups when he collides with obstacles. With high base durability, bonus defenses near structures and terrain, and strong early damage, Grock can dominate lane, invade jungle entrances, and force enemies to respect choke points.

Grock fits best in drafts that want fast, decisive engages and strong objective control around tight spaces. He pairs extremely well with AoE mages and follow?up CC heroes who can capitalize when he pins enemies against walls or knocks them up in clustered areas. However, he can struggle in wide?open areas where terrain is scarce or against highly mobile backliners who can kite around his skill ranges. When played with good map awareness and wall usage, Grock becomes a disruptive frontliner who both starts fights on his terms and makes it very difficult for enemies to safely position around turrets and objectives.","","","","Bastion of Stone","Grock gains a Shield equal to 14% of his Max HP and empowers the next Basic Attack to deal Physical Damage equal to 4 (+2% Total Physical Defense)% of the target's Max HP (capped at 300(+20*Hero Level) against non-hero units). This effect has a 18-12s cooldown (decreases with level), which reduces by 200% when near terrain.
Grock gains Control Immunity while casting skills and 30(+6*Hero Level)% extra Physical Defense while the Shield is active","Mighty Swing","Grock strikes forward with massive force, dealing 240 (+100% Extra Physical Attack) Physical Damage. Enemies with obstacles behind them are knocked back into the obstacle, launched airborne, and take extra Physical Damage equal to 4 (+2% Total Physical Defense)% of their Max HP (capped at 300(+20*Hero Level) against non-hero units). If there are no obstacles behind, enemies are only knocked back slightly.","Earthen Rampart","After a brief delay, Grock summons a stone wall in the target area, dealing 100 (+60% Extra Physical Attack) Physical Damage and knocking enemies towards him.
Use Again: Cancel the wall early.","","","Tectonic Charge","Grock charges forward, dealing 100 (+50% Total Physical Attack) Physical Damage to enemies in his path. Upon hitting terrain, he immediately stops and triggers a massive explosion that knocks nearby enemies airborne for 1s and deals 650 (+300% Total Physical Attack) Physical Damage. If this skill doesn't hit terrain, 50% of its cooldown is refunded."
"Guinevere","Fighter","Magic","Burst/Magic Damage","Guinevere is a magic?damage fighter who excels at burst combos and extended airborne crowd control rather than sustained pokes. Her kit revolves around closing the gap with Spatial Migration, knocking enemies into the air, and then chaining Violet Requiem to keep them juggled while dealing massive magic damage in a small area. With Super Magic and Energy Wave providing extra damage, cooldown reduction, and self?sustain, Guinevere can quickly delete squishy targets if she lands her initial engage.

Guinevere works best with lineups that can help her reach priority targets or keep enemies grouped, such as tanks and supports with reliable crowd control or frontliners who can start fights first. When her team provides vision, peel, and follow?up damage, Guinevere can dive deep into the enemy backline, lock down key carries with repeated airborne effects, and instantly swing small skirmishes or full 5v5 fights in her team’s favor.","","","","Super Magic","Guinevere deals 25% extra damage to airborne enemies and deals (+80% Total Physical Attack) (+60% Total Magic Power) Magic Damage with her Basic Attacks.
Guinevere builds Super Magic each time she deals damage. Once fully charged, her next Basic Attack becomes guided, dealing 80 (+100% Total Physical Attack) (+90% Total Magic Power) Magic damage on hit and restoring 80 plus 8% of her lost HP.
Enemies hit by Guinevere's skills or enhanced Basic Attack will be marked for 5s. Those with 3 marks will be knocked airborne when hit by her Violet Requiem.","Energy Wave","Guinevere releases an energy orb in the target direction, dealing 300 (+125% Total Magic Power) Magic Damage and slowing enemies by 25% for 1.2s.
Successfully hitting an enemy reduces all her skill cooldowns by 1s.","Spatial Migration","Guinevere leaps to the target location, dealing 250 (+80% Total Magic Power) Magic Damage. Enemy heroes and Creeps hit will be knocked airborne for 1s and take 125 (+50% Total Magic Power) additional Magic Damage.
Use Again: Guinevere blinks toward the target direction and leaves an illusion behind. If the illusion takes damage by hero, it restores Super Magic for Guinevere and explodes after 1.5s, dealing 100 (+30% Total Magic Power) Magic Damage to nearby enemies.","","","Violet Requiem","Guinevere creates a force field around her, gaining Control Immunity while attacking nearby enemies 11 times within 2s, dealing 880 (+385% Total Magic Power) Magic Damage in total.
Airborne enemies hit will be knocked airborne again, up to 8 additional times."
"Gusion","Assassin","Magic","Burst/Magic Damage","Gusion is a magic damage Assassin focused on burst/Magic Damage from fast skill combos rather than basic right?click DPS. His passive, Dagger Specialist, adds runes to his daggers whenever he casts skills, empowering his next Basic Attack to deal extra damage based on the target’s Max HP and restoring HP to himself. With Sword Spike, he throws a dagger to mark an enemy and then instantly blinks behind them, while Shadowblade Slaughter lets him throw and recall multiple daggers to hit and slow several targets. His ultimate, Incandescence, gives him high mobility and resets Sword Spike and Shadowblade Slaughter, enabling double casts and more daggers in a single combo. Overall, Gusion is designed as a high?mobility, high?burst assassin who excels at quickly deleting priority targets but requires precise execution and good positioning to avoid getting caught.","","","","Dagger Specialist","Each skill cast adds a rune to Gusion's dagger (stacks up to 4 times). Each stack enhances Gusion's next Basic Attack to deal additional damage equal to 3% of the target's Max HP and restore 50 (+25% Total Magic Power) HP to himself.","Sword Spike","Gusion throws a dagger in the target direction, dealing 200 (+50% Total Magic Power) Magic Damage to the first enemy hit and marking them.

Use Again: Gusion moves behind the marked enemy, dealing 200 (+100% Total Magic Power) Magic Damage to them. This skill cannot be interrupted while Gusion is moving behind the marked enemy.","Shadowblade Slaughter","Gusion throws a volley of daggers in the target direction, each dealing 100 (+40% Total Magic Power) Magic Damage to enemies hit and slowing them by 6% for 2s (when hit by multiple daggers, the slow effect can stack up to 30%).

Use Again: Gusion recalls the daggers, each dealing 65 (+40% Total Magic Power) Magic Damage to enemies in its path.","","","Incandescence","Gusion dashes to the target location, resetting the cooldowns of Sword Spike and Shadowblade Slaughter. If Shadowblade Slaughter was cast once before the reset, Gusion can throw another five daggers on his next Shadowblade Slaughter cast, and recall a total of ten daggers afterward.

Use Again: Gusion dashes a short distance in the target direction."
"Hanabi","Marksman","Physical","finisher/damage","Hanabi is a late?game marksman who excels at team fights and front?to?back damage thanks to her bouncing Basic Attacks and strong anti?crowd?control tools. With Petal Barrage, her attacks can consistently hit multiple targets, shredding grouped enemies and applying on?hit effects across the frontline and backline at the same time. She has no dash and poor mobility, but Equinox’s shield and control immunity allow her to ignore many pick tools and hard CC attempts as long as she times it well, making her surprisingly hard to lock down when properly protected.

Hanabi fits best in comps that can frontline for her and keep enemies within bounce range, such as tanky initiators and strong peel supports. She thrives in drawn?out 5v5 fights around objectives where she can free?hit behind her team, stacking Petal Barrage damage and scaling with items. However, she is vulnerable to burst assassins and heavy dive if her shield is down or her team lacks peel. When drafted with reliable engage plus protection, Hanabi can act as a high?safety DPS anchor who slowly but surely takes over the game once she hits her core items","","","","Ninjutsu: Petal Barrage","Hanabi's Basic Attacks and skills will launch Petal Blades after hitting a target, dealing 30% damage, and bouncing up to 4 times to nearby enemies. Bounces from her Basic Attacks inherit her Attack Effects.","Ninjutsu: Equinox","Passive: The secret Ninjutsu of the Scarlet Shadow makes Hanabi immune to control effects when she has a shield from any source.

Active: Hanabi gains a 300 (+40% Total Physical Attack) shield for 5s. When the shield is active, Hanabi gains 20% Movement Speed and 25% Attack Speed, and 20% of her damage dealt to enemy heroes will be added to this shield (only adds 10% of the damage dealt to non-hero units). This shield cannot exceed 50% of Hanabi's max HP.","Ninjutsu: Soul Scroll","Hanabi fires the energy Kunai in the targeted direction, dealing 350 (+80% Total Physical Attack) Physical Damage to enemies along the way and reducing their Movement Speed by 60% for 1s. Enemy units hit will also be marked, allowing Hanabi's next Bounce Damage from Basic Attacks to deal 30 (+100% Total Physical Attack) Physical Damage on them with no damage decay.","","","Forbidden Jutsu: Higanbana","Hanabi throws Higanbana in the targeted direction, dealing 300 (+50% Total Physical Attack) Physical Damage to the first enemy hero hit and immobilizing them for 0.8s. After 1s, Higanbana will bloom at the location of the first hit, dealing 300 (+50% Total Physical Attack) Physical Damage to nearby enemies. Subsequent hits on the same target decay to 30% damage."
"Hanzo","Assassin","Physical","poke/burst","Hanzo is a high-risk, high-reward Physical Assassin who specializes in poke and burst damage by abusing his Demon Ninja form. His passive, Ame no Habakiri, lets him stack Dark Ninjutsu with his basic attacks and skills, enabling Ninjutsu: Demon Feast to instantly consume creeps for sustain or deal heavy burst damage to heroes, jungle objectives, and recover HP while reducing its own cooldown. Ninjutsu: Dark Mist gives him mobility and zoning, creating an area that repeatedly damages and slows enemies while boosting his Movement Speed. His ultimate, Kinjutsu: Pinnacle Ninja, allows Hanzo to enter Hanekage form, leaving his body invincible while the demon form gains high Movement Speed and Attack Speed to dive and assassinate targets. However, if the demon form is killed or mispositioned, Hanzo’s real body becomes vulnerable, so he requires good map awareness, positioning, and resource management to fully capitalize on his poke and burst potential without throwing fights","","","","Ame no Habakiri","Damage dealt by Hanzo's Basic Attacks and skills inflicts a stack of Dark Ninjutsu on the target, up to 5 stacks. Ninjutsu: Demon Feast can only be cast on targets with full stacks of Dark Ninjutsu.","Ninjutsu: Demon Feast","The skill can only be used on targets with max stacks of Dark Ninjutsu. When targeting a creep, Hanzo will immediately devour it and digest it over a period of time to recover 20% HP.
When targeting the Turtle, Lord, or enemy heroes, he deals 600 (+120% Extra Physical Attack) Physical Damage, recovers 10% HP, and reduces this skill's cooldown by 60%.","Ninjutsu: Dark Mist","Hanzo dashes in the target direction, leaving dark mist in front that deals 90 (+45% Extra Physical Attack) Physical Damage to enemies in the area every 0.5s, up to 5 times (this damage counts as Basic Attack damage but cannot Crit).
The dark mist slows enemies in the area by 40% and grants Hanzo 20% Movement Speed.","","","Kinjutsu: Pinnacle Ninja","Hanzo charges into battle as Hanekage, consuming 17 Energy per second. He gains 2 Energy when a non-hero unit dies nearby and 20 Energy when it's a hero. After consuming all his Energy, Hanzo's body will be slowly drawn to Hanekage's current position.
While in Hanekage form, Hanzo's body is invincible, and Hanekage ignores obstacles and gains 50% Movement Speed (decays over time) and 30% Attack Speed.
After being killed, Hanekage will be immediately drawn to Hanzo's position, during which he recovers 16% HP and cannot be targeted. This effect is also triggered when the skill is cast again. If Hanekage is killed, Hanzo will be slowed by 50% and reveal his location for 6s."
"Harley","AssassinMage","magic","Burst/Poke","Harley is a high?mobility burst mage/assassin who specializes in quickly chunking or deleting priority targets and then escaping before the enemy can retaliate. His kit revolves around weaving Poke Trick damage through card volleys and using Deadly Magic to mark an enemy, amplifying the total damage they take before the ring explodes. With Space Escape, he can blink in to start a combo and then safely return to his hat, making him very hard to catch when played around vision and cooldowns.

Harley fits best in drafts that want strong early–mid game pick potential and skirmish control. He pairs well with tanks or supports that can lock enemies in place long enough for his full combo and ring explosion to land, as well as junglers who can follow up on low?HP targets he leaves behind. However, he is vulnerable if he misuses his blink or overextends without a safe return path, and he struggles to kill very tanky targets without item advantage. When played with good map awareness and flank timing, Harley becomes a slippery burst threat who constantly pressures enemy backliners and forces them to respect every fog?of?war angle","","","","Magic Master","Harley's mastery of magic allows his Basic Attacks and skills to reduce the enemy's Magic Defense by 2 and increase his Attack Speed by 5%-10% (scales with level) for 3s on hit. This effect stacks up to 10 times. Harley's Basic Attacks deal 60 (+50% Total Physical Attack) (+60% Total Magic Power) Magic Damage.","Poke Trick","Harley throws 3 waves of cards 3 cards per wave. Each card dealing 130 (+25% Total Magic Power) Magic Damage to enemies.After the same target is hit 3 times, the damage will decay to 50% on subsequent hits.","Space Escape","Harley blinks in the designated direction, leaving a magic hat at his starting location. His Movement Speed by 60% for 2s. then returns to normal over 4s. Use Again : Return to the hat's location.","","","Deadly Magic","Harley casts a magic ring of fire at an enemy hero, dealing 200 (+60% Total Magic Power) Magic Damage and a 40% slow effect that decays to 15% after 1.5s. The ring will stay around the target, during which Harley can hit the ring to damage the target. The ring will explode after 4s, dealing Magic Damage equal to 200 (+50% Total Magic Power) plus 30% of the damage taken by the target while the ring was active."
"Hayabusa","Assassin","physical","Chase/Burst","Hayabusa is a high?mobility physical assassin who specializes in picking off isolated targets, outplaying enemies with shadows, and split?pushing side lanes. His kit revolves around stacking Shadow Marks with Ninjutsu: Phantom Shuriken and Quad Shadow, then using Ougi: Shadow Kill to deliver heavy single?target burst that scales with those marks. With multiple dashes and teleport options through his shadows, Hayabusa can quickly dive in, deal damage, and reposition before the enemy can lock him down.

Hayabusa fits best in drafts that want strong side?lane pressure, backline assassination, and map?wide kill threat rather than pure 5v5 front?to?back fights. He pairs well with heroes that can provide vision, crowd control, or front?line stability so he has time to find flanks and angles onto enemy carries. However, he struggles into heavy point?and?click CC, strong peel, or lineups that group tightly and deny isolated targets. When played with good wave management, jungle timing, and shadow control, Hayabusa becomes a constant side?lane and backline threat who can quietly snowball the game through picks and split?push","","","","Ninjutsu: Trace of Shadow","Hayabusa's attacks apply a stack of Shadow Mark on hit (up to 4 stacks). Each stack lasts 6s and increases Hayabusa's damage to the enemy by 5%.","Ninjutsu: Phantom Shuriken","Hayabusa throws three returning shurikens in the target direction, each dealing 220 (+75% Extra Physical Attack)Physical Damage to enemies hit and slowing them by 35% for 2s. Enemies hit by multiple shurikens take 70% less damage after the first hit, and Creeps take 50% less damage after the first hit. Hayabusa restores 10 energy when hitting non-Minion enemies.Passive: Hayabusa permanently gains 3% Spell Vamp.","Ninjutsu: Quad Shadow","Hayabusa dashes in the target direction and releases four phantoms that travel in separate directions. The phantoms will remain at the end of their paths or attach themselves to the first enemy hero hit, dealing 130 (+30% Extra Physical Attack)Physical Damage and slowing them by 40% for 2s. Hayabusa will immediately stop if he hits an enemy hero during the dash.Use Again: Hayabusa teleports to a phantom's location and reduces the cooldown of Ninjutsu: Phantom Shuriken by 1s. If the phantom is attached to an enemy hero, he also deals 130 (+30% Extra Physical Attack)Physical Damage to the enemy.","","","Ougi: Shadow Kill","Hayabusa blends into the shadows and launches 6 single-target attacks on enemies in the area, each dealing 140 (+32% Extra Physical Attack)Physical Damage. The attacks prioritize enemies with Shadow Mark and each will consume a mark to deal 90 (+40% Extra Physical Attack) extra Physical Damage. Shadow Kill does not apply Shadow Mark"
"Hilda","Fighter/Tank","physical","Damage/Regen","Hilda is a durable fighter/tank who excels at early?game skirmishes, chasing enemies through the jungle, and disrupting the enemy backline with repeated engages. Her passive gives her extra HP and a strong shield when hiding in bushes, letting her win trades, scout aggressively, and pressure invades or ganks without burning too many resources. With reliable gap closing, burst damage, and execute damage on her ultimate, Hilda can quickly punish squishy targets who misstep or try to farm alone.

Hilda fits best in lineups that want to play aggressively from the early game, invade the enemy jungle, and snowball through skirmishes. She pairs well with high?damage junglers and roaming supports who can follow up on her engages and benefit from the vision and pressure she creates in the river and jungle. However, she falls off if the game drags on without a lead, especially into heavy peel or kiting comps that can keep her away from priority targets. When used to dominate the early game and force chaotic fights around bushes and jungle entrances, Hilda becomes a powerful tempo tool that opens space for her carries to scale safely","","","","Blessing of Wildernesss","Hilda regenerates 2% of her max HP per second while in the bush. When entering the bush, she gains a shield equal to 15% of her max HP. After leaving the bush, the shield lasts for 5s. This effect has a 10s cooldown.Hilda's Basic Attack and Skills apply a Wilderness Mark on hit, which lasts up to 4s and stacks up to 6. Each stack reduces the target's Physical Defense and Magic Defense by 4%.","Combat Ritual","Hilda activates the runic power of her great axe, increasing her Movement Speed by 60% for 3s and enhancing her next Basic Attack to deal 200 (+100% Total Physical Attack)Physical Damage and slow the target by 40% for 3s. The attack will also deal 120 (+60% Total Physical Attack)Physical Damage to enemies behind the target.","Art of Hunting","Hilda locks onto an enemy target, each time dealing 220 (+100% Total Physical Attack)Physical Damage. Skill can be released 3 times at most. The 2nd attack will deal damage to target's surroundings, and the 3rd attack will knock back the target and surrounding enemies temporarily.","","","Power of Wildness","Hilda launches a powerful slash on the target enemy, dealing 600 (+250% Extra Physical Attack)Physical Damage and stunning them for 0.2s. Nearby enemies also take 60% damage. Each stack of Wilderness Mark makes Power of Wildness deal 2.5% of the target's Max HP as extra damage. At max stacks, Power of Wildness deals 20% of the target's Max HP as extra damage."
"Hylos","tank","magic","Guard/Initiator","Hylos is a tank who focuses on soaking damage, providing crowd control, and creating space for his team. With his high HP pool and strong sustain from his skills, he can stand on the front line for a long time and block enemy access to his backline. His point?and?click stun and large area slow from his ultimate make it difficult for enemies to move freely in teamfights, especially around objectives and narrow paths. However, he is vulnerable to heroes and lineups that can shred tanks or ignore his frontline presence by diving past him. Hylos works best with teammates who can follow up on his crowd control, deal consistent damage behind him, and use the movement speed and zoning from his ultimate to take winning fights and secure objectives","","","","Thickened Blood","Hylos gains 1.5 extra Max HP for every 1 extra Max Mana he possesses. When out of Mana, Hylos can use his HP for skill casts.","Law and Order","Hylos gains 50% Movement Speed and causes his next Basic Attack within 3s to deal 300 (+80% Total Magic Power) Magic Damage to the target, knocking back and stunning them for 1s.The extra Movement Speed rapidly decays over the duration and vanishes after the next Basic Attack.","Ring of Punishment","Hylos releases the Ring of Punishment, dealing 100 (+20% Total Magic Power) Magic Damage to nearby enemies per second while slowing them by 4% and reducing their Attack Speed by 7.5% for 2.5s (up to 8 stacks). Each stack also increases the enemy's damage taken from the Ring of Punishment by 5%. The Ring of Punishment consumes 30 Mana per second when it's active.Use Again: Hylos cancels the Ring of Punishment.","","","Glorious Pathway","Hylos creates a huge pathway in the target direction, reducing enemies' Movement Speed by 75% for 1s. The pathway lasts 6s. When on the pathway, Hylos gains Slow Immunity and recovers 3% of his Max HP per second. Allied heroes moving along the pathway gain 60% extra Movement Speed, while enemy heroes on the pathway will be slowed by 25%."
"Irithel","Marksman","Physical","Finisher/Burst","Irithel is a mobile marksman who can attack while moving, making her strong at kiting and repositioning during fights. Her kit gives her good wave clear, armor reduction, and area damage, allowing her to pressure lanes and contribute consistently in teamfights once she has items. With her ultimate, she can quickly jump in to amplify her damage and hit multiple targets, especially when enemies are grouped or already controlled by her team. However, she is weak in the early game, needs farm and proper positioning, and struggles against heavy crowd control or burst assassins that can catch her before she can kite away. Irithel works best with teammates who can protect her, provide reliable crowd control or frontline, and create safe windows for her to deal continuous damage from mid to late game","","","","Jungle Heart","Irithel and Leo's immaculate teamwork allows her to shoot while moving. Each Basic Attack will shoot 2 crossbow bolt(s) (but takes longer to refill) that deal (+55% Total Physical Attack) Physical Damage per bolt (inherits a portion of Attack Effects).
Moving will build up Jungle Heart, up to a maximum of 10 units, and cause the next Basic Attack to unleash 1 additional bolt(s).","Strafe","Irithel launches a volley of arrows on the target area, dealing 330 (+60% Total Physical Attack) Physical Damage to enemies within and reducing their Physical Defense by 15 for 3s.
","Force of The Queen","Leo lets out a piercing roar, dealing 200 (+60% Total Physical Attack) Physical Damage to nearby enemies and slowing them by 40% for 2s.","","","Heavy Crossbow","Irithel orders Leo to leap in the target direction and empowers her crossbow for 10s. For the duration, she gains 30 Movement Speed and her Basic Attacks shoot enhanced crossbow bolts, dealing 120 (+65% Total Physical Attack) Physical Damage to the target and nearby units. Jungle Heart also accumulates faster for the duration."
"Ixia","Marksman","Physical","Finisher/Damage","Lxia is a burst-oriented mage who thrives on controlling zones and punishing enemies that step into her range at the wrong time. Her skills let her continuously poke, clear waves quickly, and set up traps that force opponents to respect her positioning around objectives. When she times her combos well, Lxia can delete fragile targets and disrupt the enemy frontline before they fully engage. She is especially strong in tight areas where enemies have limited space to dodge her abilities. However, Lxia is vulnerable to hard engage, assassins that can dive her backline, and heroes with strong mobility or sustain who can survive her initial burst and retaliate. She works best with teammates who can provide vision, crowd control, and peel so she can safely output damage from mid to late game.","","","","Siphon Starlium","Ixia's Basic Attacks and skills apply a stack of Starlium Charge to enemies on hit. When Ixia performs a Basic Attack on an enemy with two stacks of Starlium Charge, the attack will consume the stacks and be replaced with Siphon Starlium, dealing (+150% Total Physical Attack) (+200 Lifesteal) plus (+10*Hero Level) Physical Damage to the target. Ixia recovers HP equal to the damage dealt by Siphon Starlium (only 20(+150 Lifesteal)% against non-hero units) and reduces the target's Movement Speed by 25% for 1s.
Siphon Starlium can trigger on all enemies in front of Ixia that are within her Basic Attack range, but it cannot Crit.
Ixia's Basic Attacks cannot trigger Lifesteal.","Dual Beam","Ixia fires 2 Starlium-charged energy beams along the ground in the target direction, dealing 75 (+80% Total Physical Attack) Physical Damage to enemies in a rectangular area. When hitting enemy heroes, Ixia gains 50% Movement Speed for 2s.
Enemies hit by both beams will take double damage.","Star Helix","Ixia unleashes a canister of Starlium energy in the target direction, knocking back nearby enemies, and pulling enemies in range to the center line after a short delay and dealing 200 (+60% Total Physical Attack) Physical Damage.","","","Full Barrage","Ixia reassembles her weapon into 6 smaller weapons and enters the Barrage state for 4s. In this state, Ixia's Basic Attacks and skills can hit enemies in the large fan-shaped area in front of her but not outside it. Ixia's Basic Attacks can hit up to 6 enemy units (prioritizes heroes), and Siphon Starlium will fire simultaneously with her normal Basic Attacks."
"Jawhead","fighter","physical","charge/burst","Jawhead adalah fighter yang dapat mengunci musuh dengan burst damage tinggi, dan dapat melempar unit (baik kawan maupun lawan).","","","","Mecha Suppression","Each time Jawhead deals damage to an enemy hero or a Creep, he inflicts a stack of Mecha Suppression on them for 3s (up to 6 stacks). Each stack of Mecha Suppression increases all damage dealt to the target by 2%.","Smart Missiles","Jawhead launches up to 12 missiles at random nearby enemies over 5s, each missile dealing 135 (+30% Total Physical Attack) Physical Damage to the enemy hit","Ejector","Jawhead gains 30% Movement Speed and a 500 (+100% Total Physical Attack) shield for 5s. Use Again: : Jawhead flings the nearest unit (prioritizes heroes) to the target location, dealing 300  (+80% Total Physical Attack) Physical Damage  to enemies in the area and stunning them for 0.5s. Can be used on allied heroes and they will not take damage.","","","Unstoppable Force","Jawhead charges into the target enemy hero, dealing 350 (+150% Total Physical Attack) Physical Damage  and briefly stunning them. Enemies around the target are knocked back and dealt the same amount of damage. Jawhead is immune to control effects during the charge."
"Johnson","Tank/Support","magic","Support Crowd Control","Johnson is a hard?engage tank/support who specializes in long?range initiation, pick potential, and disruptive team?fight control. In lane he plays like a standard frontliner with strong peel, AoE damage, and decent durability, but his true power comes from his ultimate, which lets him transform into a car, roam quickly across the map, and crash into enemies to start fights on his own terms. With reliable stun, slow, and a lingering damage zone, Johnson can both catch out isolated targets and force 5v5 engages around objectives.

Johnson fits best in lineups that want explosive, commit?heavy team fights and have strong follow?up damage or AoE control. Pairing him with burst mages or wombo?combo heroes greatly amplifies the value of his ultimate engages. However, he is less effective if his engages are poorly coordinated, if the team lacks damage behind him, or if enemies have good vision and disengage tools. When played with good map awareness and communication, Johnson becomes a global threat who constantly pressures the enemy with the risk of sudden, high?impact collisions.","","","","Electro Airbag","When Johnson's HP drops below 30%, he gains a 300 (+700% Total Physical Defense) shield for 10s. Cooldown: 100s.","Impact Wrench","Johnson throws his wrench toward the target location, dealing 120 (+220% Total Physical Defense)Magic Damage to enemies in its path. Enemies around the landing point are stunned for 0.8s.","Electromagnetic Waves","Johnson raises his shield, continuously dealing 120 (+60% Total Magic Power)Magic Damage to enemies in a fan-shaped area in the target direction, reducing their Movement Speed and Magic Defense by 10% (stacks up to 3 times) for 2s.While his shield is raised, Johnson can perform Basic Attacks and cast skills.","","","Full Throttle","Johnson transforms into a car and begins accelerating over time. An allied hero can use Hop In when near Johnson to board the car (only 1 allied hero can ride with Johnson). The car will explode upon hitting an enemy hero or obstacle, dealing 300 (+160% Total Magic Power)-450 (+280% Total Magic Power)Magic Damage to nearby enemies, stunning them for 0.5-1s (scales with the car's speed before impact), and creating an electrified zone at the location. The zone continuously deals 60 (+20% Total Magic Power)Magic Damage and slows enemies within. While in car state, tap Brake to stop immediately or hold Nitrous to continuously gain speed for up to 5s. Johnson's location will be revealed to the enemy team for 3s when casting this skill.Passive: Johnson's Physical Defense is increased by 10%."
"Julian","Assassin/Fighter","magic","Chase/Magic Damage","Julian is a hybrid assassin/fighter mage who excels at flexible combos, sustained skirmish damage, and sticking to targets with repeated pulls and dashes. His kit revolves around chaining three different skills to unlock enhanced versions, letting him adapt his combo for poke, engage, or burst depending on the situation. With Smith’s Legacy empowering his Basic Attacks after skill casts and providing hybrid lifesteal, Julian can win extended trades and brawls as long as he keeps hitting skills and weaving autos.

Julian fits best in drafts that want a magic?damage bruiser who can both frontline in skirmishes and dive onto priority targets. He pairs well with engage supports and tanks that can provide initial lockdown, making it easier for his enhanced skills to connect and keep enemies in place. However, he is skill?shot and cooldown dependent—missing a key ability or misordering his combo can leave him vulnerable to burst or crowd control. When played with good combo discipline and positioning, Julian becomes a versatile mid?game powerhouse who can flex between assassin, bruiser, and team?fight control roles based on build and draft","","","","Smith's Legacy","After casting two different skills, Julian enhances his third skill. Casting the enhanced skill makes all his skills go on a 9-6s Cooldown (decreases with his level).After casting any skill, his Basic Attacks for the next 2s will deal 100 (+100% Total Physical Attack)(+100% Total Magic Power)Magic Damage and pull the target toward him. Casting another skill extends the duration.Julian gains 15% extra Hybrid Lifesteal for 5s each time he hits an enemy hero with his skills (up to 3 stacks).","Scythe","Julian hurls a flying scythe in the target direction, dealing 420 (+140% Total Magic Power)Magic Damage to enemies along the way and slowing them by 30% for 1s.The scythe disappears upon hitting a non-minion enemy.","Sword","Julian summons a flying sword and dashes in the target direction, dealing 400 (+80% Total Magic Power)Magic Damage to enemies along the way.","","","Chain","Julian casts chains at the target location, dealing 300 (+100% Total Magic Power)Magic Damage to enemies hit after a short delay and immobilizing them for 1.2s."
"Kadita","Mage/Assassin","Magic","Burst/Charge","","","","","Thalassophobia","Kadita gains the Blessing of the Ocean every 30s. The Blessing is triggered when she takes damage from enemy heroes and lasts 4s, allowing her to recover 65% of the HP lost within the duration afterward.","Ocean Ode","Kadita summons an ocean wave to carry herself in the target direction and back, dealing 250 (+90% Total Magic Power) Magic Damage to enemies hit and slowing them by 30%. While inside the wave, she gains Control Immunity and 50% Damage Reduction. This skill can pass through obstacles and terrain.

Use Again: Kadita exits the wave without interrupting the wave's movement.","Breath of the Ocean","After a short delay, Kadita summons an ocean wave to erupt at the target location, dealing 350 (+140% Total Magic Power) Magic Damage to enemies hit and knocking them airborne for 1s.

Kadita can cast this skill during Ocean Ode to summon an ocean wave beneath her with a shorter eruption delay.","","","Rough Waves","Kadita dives into the ground and sends ocean waves in all directions (this skill can only be interrupted by Suppression), each dealing 270 (+60% Total Magic Power) Magic Damage to enemies hit and slowing them by 30%. Enemies hit by multiple waves take increased damage. After a short period, the waves return to Kadita, each dealing 180 (+40% Total Magic Power) Magic Damage to enemies hit.

When underground, Kadita becomes untargetable and gains 60% Movement Speed."
"Kagura","Mage","Magic","Poke/Finisher","Kagura is a high?skill poke/finisher mage who excels at controlling space, kiting, and setting up burst combos with her umbrella. Her kit revolves around Seimei Umbrella to poke and slow enemies from range, then using Rasho Umbrella Flee to cleanse debuffs, reposition, or dodge key skills. With precise umbrella placement, she can harass safely in lane, zone enemies off objectives, and constantly threaten picks from fog of war.

Kagura fits best in drafts that want strong mid?game skirmish power and team?fight control rather than pure front?to?back damage. She pairs especially well with engage tanks or CC supports who can lock enemies inside her umbrella radius, allowing her to chain slows, knockbacks, and burst to finish off priority targets. However, she is mechanically demanding and very punishing if mispositioned, since misusing her mobility or cleanse leaves her exposed to hard engage and assassins. In the right hands and with good setup, Kagura becomes a slippery control mage who can both open fights with poke and close them out by deleting squishy backliners.","","","","Yin Yang Gathering","Upon retrieving the Seimei Umbrella, Kagura gains a 450 (+80% Total Magic Power) shield, stuns nearby enemies for 0.5s, and slows them by 60% for 1s. Cooldown: 4.5s.","Seimei Umbrella Open","Kagura sends the Seimei Umbrella to the target location, dealing 315 (+105% Total Magic Power) Magic Damage to enemies in its path and slowing them by 60% for 0.5s. The Umbrella will automatically return to Kagura when she's too far away.
This skill deals 130% damage to non-hero enemies.","Rasho Umbrella Flee","Kagura removes all debuffs on her and leaps in the target direction, while leaving the Seimei Umbrella behind.","","","Yin Yang Overturn","Kagura invokes the power of the Seimei Umbrella, dealing 330 (+105% Total Magic Power) Magic Damage to nearby enemies, knocking them back, and slowing them by 60% for 0.5s."
"Kaja","support/fighter","Magic","Control/Charge","Kaja is a utility fighter–support who brings strong pick potential, suppression, and burst damage from mid to close range. With his ultimate and movement tools, he can quickly isolate a priority target, drag them into his team, and help delete them before they can react. Kaja is especially threatening when he has vision and teammates who can instantly follow up on his engage, turning small catches into objective advantages. However, he is vulnerable when his ultimate is on cooldown and he struggles against heavy peel, strong frontlines, or heroes that can cleanse or negate crowd control. Kaja works best with lineups that provide additional burst, lockdown, or fast objective taking so every successful pick he starts immediately converts into towers, turtles, lords, or teamfight wins.","","","","Wrath Sanction","Kaja achieves Wrath Sanction every 6s. His next Basic Attack will send lightning at enemies, dealing Magic Damage equal to 100 (+100% Total Magic Power) plus 4% of targets' Max HP and paralyzing them. The lightning will jump to enemies nearby as well (up to 3 times).

Increases damage by 200% of targets' Max HP on Minions and Creeps.

Paralyze: Slows enemy heroes and summons while reducing their damage by 2.5% (up to 6 stacks) for 5s.","Ring of Order","Kaja releases a Ringed Electric Blade that quickly expands and contracts, dealing 135 (+70% Total Magic Power) Magic Damage to enemies hit on its way out and back and paralyzing them. Enemies hit will also have their positions revealed briefly.
Each time Electric Blade deals damage, Kaja restores 100 HP (decays to 30% after multiple hits).","Lightning Bomb","Kaja dashes in the target direction while leaving 3 Lightning Bombs along the way. The Bombs will explode upon enemy contact, dealing 150 (+35% Total Magic Power) Magic Damage to the enemies and paralyzing them.","","","Divine Judgment","Kaja deals 200 (+100% Total Magic Power) Magic Damage to a designated enemy hero, suppresses and paralyzes them for 1.5s.

During the suppression, Kaja can drag the enemy hero along with him."
"Kalea","support/fighter","physical","control/regen","Fighter/Support dengan kemampuan kontrol area melalui Water Zone, regenerasi HP, dan crowd control yang kuat berupa knock-up dan slam.","","","","Surger of Life","After casting a skill, Kalea creates a Water Zone on the ground. When Kalea casts a skill within this zone, she will absorb the Water Zone to enhance her next three Basic Attacks with different effects:First Basic Attack: Kalea dashes to the target, dealing (+100% Total Physical Attack) Physical Damage. Second Basic Attack: Kalea unleashes a flurry of attacks, dealing 200 (+100% Total Physical Attack)Physical Damage and recovering 40 (+10% Total HP) (+60% Total Magic Power) HP for herself and the nearby ally with the lowest HP.Third Basic Attack: Kalea uses her tail to strike the area around her target, dealing 100 (+100% Total Physical Attack)Physical Damage and creating a new Water Zone. Enhanced Basic Attacks are not affected by Attack Speed.","Wavebreaker","Kalea slams her fist into the ground, creating a wave that deals 200 (+5% Total HP)Physical Damage to nearby enemies and slows them by 40% for 1.5s.","Tidal Strike","Kalea charges forward and body slams the first enemy hero she encounters, knocking them airborne for 0.6s while dealing 150 (+60% Total Physical Attack)Physical Damage. If she collides with an obstacle or touches the edge of a Water Zone during her charge, Kalea will leap into the air. Cast the skill again to slam down at a target location, dealing 150 (+60% Total Physical Attack)Physical Damage and knocking enemies airborne for 0.6s.","","","Tsunami Slam","Kalea grabs an enemy hero with her tail and slams them down in the Joystick's direction (drag the Joystick to change landing spot). She gains Control Immunity during this process. Upon landing, deals 300 (+80% Total Physical Attack)Physical Damage to the target and nearby enemies."
"Karina","Assassin","Magic","finisher/damage","Karina’s kit revolves around burst damage, resets, and brief periods of safety. Her passive and basic abilities allow her to quickly mark and execute low?HP targets, while her dashes let her close gaps or reposition after securing a kill. Karina’s skills are designed to punish squishy enemies who misposition, enabling her to dive the backline, delete a priority target, then use cooldown resets to either escape or continue the chase. However, her effectiveness heavily depends on timing and target selection, since she is vulnerable when her skills are on cooldown or when diving into heavy crowd control.","","","","Shadow Combo","Karina's third consecutive attack on the same enemy deals extra True Damage equal to 100 plus 5 (+2.5% Total Magic Power)% of their lost HP (up to 2000 True Damage against creeps).

If the target is an enemy hero, the cooldowns of Karina's non-Ultimate skills are reduced by 1.5s.","Dance of Blades","Karina enters the Dance of Blades state for 3.5s, during which she gains 45% extra Movement Speed, blocks all incoming Basic Attacks, and reflects 100 (+30% Total Magic Power) Magic Damage back to the attacker (the damage reflection effect has a cooldown of 0.4s).

Karina's next Basic Attack within the duration deals 150 (+55% Total Magic Power) Magic Damage, slows the target by 45% for 1s, and is guaranteed to Crit. Casting the enhanced Basic Attack or Shadow Assault ends the Dance of Blades state early.","Dance of Death","Karina launches a spinning slash, dealing 375 (+125% Total Magic Power) Magic Damage to nearby enemies.","","","Shadow Assault","Karina dashes to the target enemy hero, dealing them 350 (+160% Total Magic Power) Magic Damage, applying a Shadow Mark to them, and leaving a Shadowform behind them. The Shadow Mark and Shadowform both last 5s. If the enemy dies within the duration, the cooldown of this skill is reset.

Use Again: Karina dashes back to the Shadowform's location, dealing 150 (+50% Total Magic Power) Magic Damage to enemies along the way."
"Karrie","Marksman","Physical","Finisher/Damage","Karrie is a Physical Marksman with an Attack Reliance of Finisher/Damage, built to shred high?HP targets rather than just poke. Her passive, Lightwheel Mark, makes her Basic Attacks and skills apply stacks to enemies; at 5 stacks, they detonate into a lightwheel that deals Max HP–based True Damage, letting her melt tanks and bruisers very quickly. With Spinning Lightwheel, she can slow and zone enemies in a line, and Phantom Step gives her a short dash plus an extra lightwheel hit for both mobility and DPS weaving. Her ultimate, Speedy Lightwheel, puts her into Dual Wield state, greatly boosting her attack pattern by throwing two lightwheels per Basic Attack and increasing her movement speed, turning her into a late?game finisher who excels at deleting frontliners and closing out fights once enemies are low or locked down by her team.","","","","Lightwheel Mark","Karrie's Basic Attacks and skills apply a stack of Lightwheel Mark on hit. Once a target has 5 stacks of Lightwheel Marks, the marks will turn into a lightwheel, dealing True Damage equal to 5 (+1% Extra Physical Attack)% of the target's Max HP to them (only up to 300 damage against Creeps).","Spinning Lightwheel","Karrie releases a sphere of surging energy in the target direction, dealing 250 (+90% Total Physical Attack) Physical Damage to enemies in its path. The sphere will stop upon hitting an enemy hero or reaching its max travel distance, continuously dealing 150 (+20% Total Physical Attack) Physical Damage to nearby enemies and slowing them by 80% for 1s.","Phantom Step","Karrie dashes in the target direction while throwing a lightwheel at the nearest enemy, dealing 150 (+70% Total Physical Attack) Physical Damage and applying a stack of Lightwheel Mark on them.

When in Dual Wield state, Karrie throws two lightwheels instead.","","","Speedy Lightwheel","Karrie enters Dual Wield state for 10s, during which she gains 20% Movement Speed and throws two lightwheels with each Basic Attack, each dealing 40 (+50% Total Physical Attack) Physical Damage and inheriting a portion of Attack Effects.
"
"Khaleed","Fighter","Physical","Damage/Regen","Khaleed is a high?sustain fighter who excels in extended trades and small skirmishes, especially from the EXP lane. His empowered basic attacks and skill 2 give strong poke, wave control, and self?healing, allowing him to outlast many melee opponents if he can safely channel. Khaleed’s ultimate provides reliable knock?up and displacement to start fights, catch immobile carries, or punish clumped enemies around objectives. However, he struggles against heavy crowd control and highly mobile marksmen or burst mages that can kite him, interrupt his channel, or burst him before he heals. Khaleed works best with teammates who can follow up his engage, provide additional crowd control, or peel for him while he dives into the enemy backline","","","","Sand Walk","Khaleed accumulates Desert Power while moving. After Desert Power is fully charged, he will glide on sand, increasing Movement Speed by 35%, making his next Basic Attack deal 50 (+140% Total Physical Attack) Physical Damage to the target (cannot Crit), and reducing the target's Movement Speed by 40% for 1.5s.","Desert Tornado","
Khaleed whirls his scimitar, dealing 200 (+140% Total Physical Attack) Physical Damage to enemies in the area and pulling them toward him. This skill can be used up to 3 time(s) in a row.

This skill deals 50% damage to Minions and Creeps.","Quicksand Guard","Khaleed protects himself with the power of the quicksand, restoring 60 plus 5% of his lost HP and 10 Desert Power every 0.5s, reducing damage taken by 25% for up to 4s.

While channeling, quicksand appears under his feet, slowing the enemy by 60%.
This skill is a Focused Cast. Any other controls will interrupt this skill.","","","Raging Sandstorm","Khaleed rides the sandstorm and charges toward a designated location, dealing 100 (+50% Total Physical Attack) Physical Damage to enemies along the way and knocking them toward his destination. Khaleed is immune to control effects during this process.

Upon reaching the destination, Khaleed will smash the ground, dealing 450 (+160% Total Physical Attack) Physical Damage to enemies in the area and stunning them for 1s, and fully charge his Desert Power."
"Khufra","Tank","Physical","Initiator/Crowd Control","Khufra is a hard?engage tank who specializes in shutting down mobile heroes and starting fights with disruptive crowd control. His kit revolves around bouncing in with Tyrant’s Revenge, locking enemies in place with Bouncing Ball that punishes dashes and blinks, and finishing engages with Tyrant’s Rage to slam enemies into walls for massive CC and damage. This combination makes it very hard for assassins and dash?reliant carries to play freely when Khufra is tracking them.

Khufra fits best in drafts that want strong, reliable initiation and anti?dive tools. He pairs extremely well with AoE mages and follow?up DPS that can capitalize on grouped, immobilized targets, especially near walls or in tight jungle chokepoints. However, he relies heavily on good angles and fog?of?war setups—if he whiffs his engage or is kited in open space, his impact drops significantly. When played with proper vision, flank timing, and wall usage, Khufra becomes a central engage tank who can both start fights on his terms and deny enemy assassins from freely entering the backline","Spell Curse","Passive ini mengaktifkan kutukan mantra setiap 12 detik, yang memperkuat basic attack berikutnya dengan jangkauan ekstra, memberikan magic damage sebesar persentase physical attack Khufra ditambah persentase max HP target, serta memperlambat (slow) musuh yang terkena. Selain itu, basic attack yang ditingkatkan juga memulihkan HP Khufra sebesar persentase max HP-nya, dan cooldown passive berkurang setiap kali Khufra memberikan efek crowd control (CC) pada hero musuh melalui skill-skillnya.

Efek ini membuat Khufra lebih tangguh dalam pertarungan, karena ia bisa heal diri sambil memberikan damage dan slow, terutama saat dikombinasikan dengan skill CC-nya untuk mengurangi cooldown passive lebih cepat.","","Spell Curse","Khufra activates the Spell Curse left by Esmeralda every 12s, enhancing his next Basic Attack. The enhanced Basic Attack gains extra attack range and deals Magic Damage equal to (+120% Total Physical Attack) plus 6% of the target's Max HP. He also slows the target by 30% for 1.5s and heals 8% of his Max HP on hit.
Each time Khufra applies a control effect to an enemy hero with his skill, the cooldown of Spell Curse is reduced by 4s.","Tyrant's Revenge","Khufra pulls the bandage on his arms to launch himself in the specified direction, dealing Physical Damage equal to 50 plus 7 (+1.5% Extra Physical Attack)% of his Max HP to all enemy units on the path. When blinking to the furthest distance or encountering a first enemy hero, Khufra will immediately stop, dealing Physical Damage equal to 50 plus 7 (+1.5% Extra Physical Attack)% of his Max HP to enemies nearby and then knocking them in the air for up to 1s.","Bouncing Ball","Khufra uses bandage to wrap himself into a magic bouncing ball, increasing his own Physical & Magic Defense by 30%. Enemies trying to use blink skills to move across Khufra will be knocked airborne.
Each time the magic bouncing ball hits the ground, it will deal Magic Damage equal to 50 plus 3 (+2% Extra Physical Attack)% of his Max HP to enemies nearby and slow them by 80% for 0.2s.","","","Tyrant's Rage","Khufra pushes back all enemy targets around him toward his front (this skill can only be interrupted by Suppression), dealing 300 (+100% Total Physical Attack) Physical Damage and slowing them down for 1.25s. If the enemies are knocked against walls, extra Physical Damage equal to 150% of this skill's damage will be inflicted upon them, and they will be stunned, instead of slowed."
"Kimmy","Marksman/Mage","magic","Damage/Magic Damage","Kimmy is a hybrid marksman–mage who is built around constant poke and sustained damage from long range. Her unique ability to move while attacking lets her kite melee heroes and slowly wear down enemies around objectives or in lane. With the right items, she can quickly shred both squishy targets and frontliners, especially when she is allowed to spam her skill shots without getting dived. However, she is vulnerable to hard engage, crowd control, and assassins that can close the gap and burst her before she can reposition. Kimmy works best with teammates who provide reliable peel, solid frontline protection, and additional crowd control so she can stay alive, maintain high DPS, and control space in teamfights","","","","Aerial Dominance","Kimmy can move and aim in different directions when using her Spray Gun, but cannot lock on to a specific enemy. Kimmy's Spray Gun attack deals 5 (+22% Total Physical Attack)(+27% Total Magic Power)Magic Damage. Hitting enemy heroes/non-hero units restores 6/3 Starlium. At max Starlium, Kimmy's Basic Attacks are enhanced to deal 10 (+27% Total Physical Attack)(+32% Total Magic Power) damage and pierce through targets.Kimmy doesn't stop moving while shooting and no longer benefits from Attack Speed Bonus. Every 1% Attack Speed she gains is converted to 1 Magic Power.","Anti-Grav Thruster","Kimmy uses her jetpack to take flight, removing and becoming immune to Slow Effects. She can pass through terrain and gains 90% Movement Speed for 1s. During the flight, she fires 4 Chemical Bolts at nearby enemies, each dealing 20 (+25% Total Physical Attack)(+30% Total Magic Power)Magic Damage and slowing them by 50% for 0.5s.","Starlium Beam","Kimmy fires a Starlium Beam in the target direction that immobilizes enemies in its path and deals 300 (+50% Total Physical Attack)(+60% Total Magic Power)Magic Damage for 2s.Gain 20 Starlium for each enemy hero hit.","","","Traction Pulse","Kimmy charges and fires a Traction Pulse in a target direction. Upon hitting an enemy or reaching its max range, it explodes to deal 200 (+60% Total Physical Attack)(+72% Total Magic Power)Magic Damage to nearby enemies and creates a force field that slows enemies within by 75%. After 1s, the field contracts, pulling all enemy heroes to its center and dealing 20% of their current HP as Magic Damage. Gain 40 Starlium for each enemy hero hit."
"Lancelot","Assassin/Fighter","Physical","Chase/Burst","Lancelot is a high-mobility Physical Assassin/Fighter who excels at chasing and bursting down priority targets. His damage ramps up through Soul Cutter, which increases his damage each time he dashes, making extended combos especially lethal. Puncture allows him to rapidly reposition and reset its cooldown by marking new enemies, while Thorned Rose provides core burst damage and a brief untargetable window that lets him dodge incoming skills. Phantom Execution grants a powerful finishing strike with full invincibility during the dash, enabling him to dive backlines safely when timed well. Lancelot is very strong at punishing mispositioned squishy heroes, but he relies heavily on precise mechanics, good spacing, and proper timing of his invincibility windows—poorly timed engages or misused dashes can leave him exposed and easily punished","","","","Soul Cutter","Each time Lancelot charges, his damage is increased by 7.5% for 4s, up to 30%.","Puncture","Lancelot charges in the target direction, dealing 150 (+50% Total Physical Attack) Physical Damage to enemies along the way and applying a Sword Mark to the first unmarked enemy hit. The Sword Mark lasts 3s.

If Lancelot successfully applies a Sword Mark to an enemy, the skill's cooldown will be reset.","Thorned Rose","Lancelot strikes in the target direction 3 times, each time dealing 220 (+120% Extra Physical Attack) Physical Damage to enemies hit (damage is reduced when multiple enemies are hit). He's untargetable during this process. Enemies in the center of the area take all the 3 hits and are slowed by 20% for 0.5s. The slow effect can stack.","","","Phantom Execution","After a short delay, Lancelot performs an executioner's strike in the target direction, dealing 350 (+170% Total Physical Attack) Physical Damage to enemies hit. He is invincible throughout the process."
"Lapu-Lapu","Fighter","Physical","Chase/Burst","Lapu-Lapu is a bruiser fighter who excels at diving into the middle of team fights, soaking damage, and dealing strong mixed burst and sustained DPS. His kit revolves around switching between Lightblades and Heavy Sword stances, letting him play more mobile and poke?oriented in one form and more hard?hitting and durable in the other. With multiple dashes, shields, and AoE skills in both stances, he can reliably enter fights, disrupt the enemy backline, and survive long enough to cycle his cooldowns.

Lapu-Lapu fits best in drafts that want a flexible frontliner who can both start fights and follow up on engages with heavy AoE damage. He pairs well with crowd?control supports and tanks that can help him reach priority targets or group enemies for his ultimate, making his combo much more impactful. However, he relies on good timing of his stance swaps and ultimate—if he dives without cooldowns or defensive tools ready, he can be bursted down before getting value. When piloted with solid timing, wave control, and flanking angles, Lapu-Lapu becomes a durable skirmisher and team?fight threat who can pressure side lanes and turn clustered fights with big ultimates.","","","","Homeland Defender","Lapu-Lapu accumulates 10 Bravery Blessing each time he deals damage (halved for damage dealt to non-hero units). When Bravery Blessing is full, Lapu-Lapu's next Basic Attack will make him dash toward the target, dealing (+150% Total Physical Attack) Physical Damage (cannot Crit) and granting him a shield that absorbs 250 (+65*Hero Level) damage for 2.5s.","Justice Blades","Lapu-Lapu releases two boomerangs in the target direction, each boomerang dealing 140 (+50% Total Physical Attack) Physical Damage to enemies hit on its way out and back.

Enemies hit by both boomerangs take 50% damage from the second hit.","Jungle Warrior","Lapu-Lapu dashes in the target direction, dealing 100 (+50% Total Physical Attack) Physical Damage to enemies along the way.","","","Bravest Fighter","Lapu-Lapu leaps to the target location while combining his twin blades into one, dealing 300 (+80% Total Physical Attack) Physical Damage to nearby enemies upon landing and slowing them by 60% for 1s. (This skill cannot be interrupted.)
Lapu-Lapu gains 3 times the Bravery Blessing from this skill and skills in transformed state.
For the next 10s, Lapu-Lapu enters Great Sword stance and gains enhanced skills, 30 extra Physical & Magic Defense, and his Basic Attack damage is increased to 120%."
"Layla","marksman","physical_crit","finisher/damage","Layla is a classic backline marksman who focuses on consistent basic?attack damage and extremely long range rather than mobility or burst. Her kit lets her scale hard with items, extending her attack range and AoE damage over time so she can safely hit both frontline and backline from a distance. With decent waveclear and strong tower damage, Layla becomes a major threat in mid to late game team fights and sieges if she can free?hit without being pressured.

Layla fits best in team compositions that can firmly protect and enable a stationary hyper?carry. She pairs well with tanks and supports that offer peel, crowd control, and front?to?back team?fight structure, allowing her to stand still and output maximum DPS. However, she is very vulnerable to assassins, divers, and hard engage due to her lack of dashes or defensive tools. When drafted with strong peel and good vision control, Layla can act as a reliable damage anchor who shreds enemies and objectives once she reaches her core item spikes.","","","","Malefic Gun","Layla deals increased damage to enemies the farther they are from her (starting at 100% and increasing to 115% at 6 units away).","Malefic Bomb","Layla fires a Malefic Bomb in the target direction, dealing 200 (+80% Total Physical Attack) Physical Damage to the first enemy hit (can Crit). Upon hitting an enemy, Layla's Basic Attacks and Void Projectile gain extra range for 3 seconds, and she gains 60% extra Movement Speed that decays over 1.2 seconds. The duration of the Movement Speed boost is doubled if an enemy hero is hit.","Void Projectile","Layla fires an orb of Malefic Energy at the target enemy that explodes on hit, dealing 170 (+65% Total Physical Attack) Physical Damage to targets in the area and applying a Magic Mark on them for 3 seconds. When Layla hits an enemy with a Magic Mark, she deals 100 (+35% Total Physical Attack) Physical Damage to nearby enemies and stuns them for 0.25 seconds.","","","Destruction Rush","Layla fires a blast of Malefic Energy in the target direction, dealing 500 (150% Total Physical Attack) Physical Damage to enemies in a line. Passive: The range of Layla's Void Projectile and Basic Attacks is increased by 0.6 units, and her sight range is slightly increased each time this skill is upgraded."
"Leomord","Fighter","Physical","CHase/Burst","Leomord is a fighter who excels at mid–late game skirmishes with strong execute potential and flexible positioning between mounted and unmounted forms. His kit revolves around shredding low?HP targets with guaranteed Critical Strikes, using Momentum for shielding and front?loaded damage, and Decimation Assault for gap closing and short?range engage. Once Barbiel is summoned and Leomord enters his Mounted State, his Basic Attacks become AOE and usable while moving, allowing him to stick to multiple enemies and pressure both frontline and backline at the same time.

Leomord works best with lineups that can reliably start fights or group enemies together for him, such as tanks and supports with strong crowd control. When allies provide solid engage and protection, Leomord can safely enter Mounted State, dive into the enemy team, and clean up fights by focusing targets that are already chipped down. In the right composition, he functions as a powerful cleaner and mid?range bruiser who punishes teams that let fights drag on with low?HP carries still alive.","","","","The Oath Keeper","Leomord's Basic Attacks are guaranteed to Crit against enemies below 50% Max HP, dealing 200% damage.
Leomord converts every 1% Crit Chance gained into 2 Physical Attack.","Momentum","Leomord gains a 150 (+50% Total Physical Attack) shield and begins channeling, slowing enemies in the target direction by 25%. When the channeling is complete or interrupted, he thrusts his sword in the same direction, dealing up to 500 (+180% Total Physical Attack) Physical Damage to enemies hit (scales with channel time) and slowing them by 40% for 1s.
Leomord can cast this skill again to actively interrupt the channeling.","Decimation Assault","Leomord charges in a designated direction, dealing 300 (+50% Total Physical Attack) Physical Damage to enemies along the way and slowing them by 30% for 1s.","","","Phantom Steed","Leomord summons Barbiel to rush to him, knocking back and dealing 100 (+40% Total Physical Attack) Physical Damage to all enemies in its path.
If Barbiel comes in contact with Leomord, they will enter the Mounted State, gaining 50% Movement Speed that decays over 2s.
Mounted State: Leomord gains a brand-new set of skills, and his Basic Attack can be used while moving and hits a circular area to deal AOE damage. Leomord also gains 70 Movement Speed and 30 Physical & Magic Defense. Lasts 10s."
"Lesley","Marksman/Assassin","physical","Finisher/Burst","Lesley is a late?game marksman/assassin hybrid who specializes in long?range poke, crit?based burst, and picking off priority targets from a safe distance. Her kit revolves around staying hidden in the fog of war, using camouflage and enhanced Basic Attacks to chip enemies down with high?crit shots before fully committing. With good positioning, she can constantly threaten squishy backliners, punish missteps, and force enemies to respect her sightlines even before major objectives spawn.

Lesley fits best in drafts that play around vision, pick potential, and front?to?back fights where she can freely snipe from behind a sturdy frontline. She pairs well with tanks and supports that provide peel, hard crowd control, and information control, letting her line up empowered shots and finish low?HP targets with her ultimate. However, she is vulnerable to hard dive and gap?closers if caught without her dash or camouflage, and her early game can be relatively weak if poorly protected. When drafted with strong peel and patient macro, Lesley becomes a high?pressure finisher who can decide fights with just a few well?placed crits.","","","","Lethal Shot","If Lesley doesn't take damage for 5s, her next Basic Attack gains extra range and 50% Crit Chance and deals 100 (+100% Total Physical Attack)True Damage (20% extra damage against minions).Each point of fixed Physical Penetration and each 1% Physical Penetration Lesley acquires is converted into 1% Crit Damage, but her base Crit Damage is reduced to 130%.Lesley's Basic Attack restores 5 points of energy and her Lethal Shot doubles the amount of energy restored. The Lethal Shot effect will activate immediately after Lesley uses a skill.","Master of Camouflage","Lesley enters the Camouflage state, gaining double Energy Regen, 40% extra Movement Speed, and 85 extra Physical Attack.The state lasts 3s or until Lesley takes or deals damage. Enemies can detect Lesley's position through distortions of their surroundings.","Tactical Grenade","Lesley throws a tactical grenade in the target direction while jumping back slightly, dealing 150 (+50% Total Physical Attack)Physical Damage to enemies in a fan-shaped area and knocking them back.Lesley can cast this skill during Ultimate Snipe to cancel the state and immediately fire a Fatal Bullet at the target. The attack is only triggered when there are unfired Fatal Bullets left.","","","Ultimate Snipe","Lesley locks onto the target enemy hero and fires 4 Fatal Bullets in succession, each dealing Physical Damage equal to 250 (+80% Extra Physical Attack) plus 5% of their lost HP and restoring 10 energy on hit. The Bullets can be blocked by other enemy heroes. If this skill is interrupted, each remaining Bullet reduces the skill cooldown by 10%. Passive: Lesley's Crit Chance is increased by 10%."
"Ling","Assassin","Physical","Chase/Burst","Ling is a high?mobility assassin who specializes in slipping through terrain, picking off backline targets, and resetting fights with his ultimate. His kit revolves around his ability to jump between walls, giving him exceptional map control, flank potential, and safety when playing around vision and fog of war. With precise combos, he can quickly dive in, burst a priority target, and either retreat to walls or wait for cooldowns to look for another entry.

Ling fits best in drafts that want strong pick potential, split?push threat, and chaotic team fights where he can attack from unexpected angles. He pairs well with supports and tanks that provide reliable crowd control or vision so he can identify safe timings to dive. However, he is very dependent on energy management, blue buff, and good macro; if he falls behind or gets heavily controlled, his impact drops sharply. When played with disciplined farming, smart wall usage, and clean execution, Ling becomes a constant backline threat who can decide fights with one well?timed assassination","","","","Cloud Walker","Ling's superb Lightness Skill allows him to leap among walls. He gains 4 extra Lightness Points per second when he's on a wall and 5 extra Lightness Points each time he deals damage.

Ling gains 1.6 times Crit Chance from all sources but only has 140% Crit Damage.","Finch Poise","Passive: Ling’s Critical Chance is permanently increased by 2.5%.

Active: Ling casts his Lightness Skill, leaping onto the designated wall, entering half-stealth state, restoring Lightness Points more quickly and gaining 30% Movement Speed. If Ling receives damage, he will leave the half-stealth state. If he is controlled, he will fall onto the ground and be slowed by 30% for 2s. When using this skill to jump from a wall to another, it will reset the Cooldown and refresh the half-stealth state.","Defiant Sword","Ling charges in the target direction and stabs nearby enemies, dealing them 300 (+50% Total Physical Attack) Physical Damage.
If Ling casts this skill when he's on the wall (no energy cost), he'll dash to the target location on the ground, dealing 300 (+50% Total Physical Attack) Physical Damage to enemies in the area and slowing them by 30% for 1.5s.
Defiant Sword is regarded as Basic Attack.","","","Tempest of Blades","Ling leaps into the air, becoming invincible and gaining 10% extra Movement Speed for 1.5s. He ignores obstacles when in the air. He then lands on the ground, dealing 250 (+100% Total Physical Attack) Physical Damage to enemies in the area and slowing them by 40% for 1.5s, knocking those in the center airborne for 1s, and creating a Sword Field for 8s.

Four Tempest of Blades will also appear on the edge of the Sword Field. Ling can touch them to reduce the cooldown of Finch Poise by 4s, reset the cooldown of Defiant Sword, and gain 25 Lightness Points."
"Lolita","Support/Tank","physical","Guard/Crowd Control","Lolita is a tank–support who focuses on protecting her team from projectiles and turning enemy engages against them. With her shield, she can block critical ranged damage and crowd control, creating a safe zone for her backline during skirmishes and objective fights. Her ultimate offers a large-area stun that punishes grouped enemies or careless dives, forcing opponents to respect her positioning. Lolita works best with teammates who provide follow-up damage and additional crowd control so that every successful shield and ultimate can immediately be converted into winning teamfights","Noumenon Energy Core","Every 6s, the Noumenon Energy Core grants a 20 (+2.5% Total HP) (+20% Total Magic Power) shield to Lolita and nearby allied heroes, and an extra shield after a skill or the Ultimate is cast. This shield can stack up to 3 times and lasts 30s.","","","","Power Charge","Lolita dashes in the target direction. Her next Basic Attack within 4s will perform a short dash to the target, dealing 300 (+100% Total Physical Attack) Physical Damage and stunning them for 0.5s. This damage is doubled against Minions.","Guardian's Reflection","Lolita raises her shield and reflects all incoming ranged Basic Attacks and Projectiles in the direction of the shield for 3s. The shield will break after taking 1000 (+15% Total HP) damage.

The damage and effects from the Unique Passives of an attacker's equipment will not apply to the shield and will not be reflected. This skill can be interrupted by high level control effects.","","","Noumenon Blast","Lolita begins charging for 2s while slowing enemies in a fan-shaped area by 50%. When the charging is complete or is stopped, Lolita slams her hammer on the ground, dealing up to 500 (+100% Total Physical Attack) Physical Damage to enemies in the area and stunning them for up to 2s (the damage and stun duration are based on the charge time).

Use Again: Lolita immediately stops charging and slams her hammer on the ground."
"Lukas","Fighter","physical","Regen/Damage","Lukas mengumpulkan Resolve untuk Sacred Beast form, Flash Combo memicu serangan berantai dan stun, Flash Step memungkinkan charge dan pounce, serta Unleash the Beast mengubahnya menjadi Beast form dengan atribut meningkat, damage area, dan control immunity.","","","","Hero's Resolve","Lukas gains 1 Resolve per second and an additional 2 Resolve when attacking heroes.Lukas consumes 10 Resolve per second while in [Sacred Beast] form.","Flash Combo","Passive: Basic Attacks enhance Flash Combo up to 2 times, lasting 4s.Lukas consumes all Vigor to unleash Pulverize, dealing 270 (+120% Total Physical Attack)Physical Damage and recovering 8% of his Max HP when hitting a hero.1 Stack: Lukas briefly stuns the target and spins his tonfa hammers to deal 100 (+50% Total Physical Attack)Physical Damage 3 times, pulling the enemy toward him.2 Stacks: Lukas briefly stuns the target and follows up with 2 attacks that deal 50 (+20% Total Physical Attack)Physical Damage per hit. He will then spin his tonfa hammers to deal 100 (+50% Total Physical Attack)Physical Damage 3 times, gaining Control Immunity during this period.","Flash Step","Passive: Basic Attacks enhance Flash Combo up to 4 times, lasting 60 (+125% Total Physical Attack)s.Lukas consumes all Vigor to unleash a tail swing, dealing 40 (+25% Total Physical Attack)Physical Damage and recovers  of his Max HP when hitting a hero.1 Stack: Lukas briefly stuns the target and pounces to deal 20% Physical Damage 3 times, knocking the enemy back.2 Stacks: Lukas briefly stuns the target and leaps to deal 4 Physical Damage 2 times, then summons sacred lightning, dealing  Physical Damage 3 times, and gaining Control Immunity during this period.","","","Unleash the Beast","Lukas transforms into his Sacred Beast form (briefly gaining Control Immunity). His base Movement Speed is increased by 30, all attributes are increased by 15%, and his skills gain new effects.Use Again: Fires a Shockwave Blast in the target direction that will explode upon hitting an enemy hero or reaching its maximum range, dealing 450 (+155% Total Physical Attack)Physical Damage and causing 3 aftershocks that each deal 0 Physical DamageAll attributes: HP, Physical Attack, Attack Speed, Physical & Magic Defense, and Attack Range."
"Lunox","Mage","magic","Burst/Damage","Lunox is a unique burst/damage mage who revolves around balancing the powers of Order and Chaos rather than following a standard cooldown cycle. Her kit lets her swap between Brilliance of Order for invincibility and sustained AoE damage, and Darkening for aggressive dashes and rapid single?target nukes. By carefully weaving Starlight Pulse and Chaos Assault, she can both sustain herself in fights and shred even tankier targets with HP?scaling damage.

Lunox fits best in drafts that want a flexible backline threat who can adapt between front?to?back team fights and dive patterns depending on the game state. She pairs well with frontliners and supports that can hold enemies in her zones or buy time for her to cycle between Order and Chaos states. However, she is mechanically demanding and very positioning?reliant: misusing Darkening can throw her into danger, while mistimed Brilliance can waste her key safety tool. When played with good state management and awareness, Lunox becomes a hard?to?kill artillery/duelist hybrid who can both melt frontline and punish overextended carries.","","","","Dreamland Twist","Lunox is twisted by the powers of Chaos and Order.When Lunox uses Power of Order, she gains 0.5% of Spell Vamp for every 1% of Magic Penetration.When Lunox uses Power of Chaos, she gains 0.5% of Magic Penetration for every 1% of Spell Vamp.","Starlight Pulse","Lunox summons a rain of starlight upon nearby enemies, dealing 200 (+110% Total Magic Power)Magic Damage. The starlight then returns to Lunox, each restoring 75 (+30% Total Magic Power) HP to her. The HP restored is doubled when hitting enemy heroes.

This askill shares cooldown with Chaos Assault. Grants one stack of Power of Order after use and ends the Power of Chaos enhanced state.","Chaos Assault","Lunox unleashes Chaos Energy at an enemy, dealing Magic Damage equal to 250 (+120% Total Magic Power) plus 2.5% of the target's Max HP (1.5% of Max HP against Creeps). This Skill shares cooldown with Starlight Pulsa. Grants one stacks of Power of Chaos After use","Order & Chaos","Lunox is twisted by the powers of Chaos and Order.When Lunox uses Power of Order, she gains Brilliance and becomes invincible while dealing continuous damage to nearby enemies. When Lunox uses Power of Chaos, she gains Darkening and can blink in a target direction and greatly reduces the cooldown of Chaos Assault for a brief period.","Cosmic Fission","When Lunox uses the power of Order and Chaos, she will deal 300 (+150% Total Magic Power)Magic Damage to the targets along the way and slow them by 40% for 2s."
"Luo Yi","Mage","magic","Support/Crowd Control","Luo Yi is a control?oriented mage who specializes in zone control, displacement, and punishing enemies that clump together. Her kit revolves around Yin–Yang Reaction: applying Yin and Yang marks with her skills, then triggering powerful stuns and bonus damage when marked enemies interact. With good orb placement and timing, she can poke safely, repeatedly proc reactions, and make it very hard for enemies to take straight front?to?back fights without risking being locked down.

Luo Yi fits best in drafts that want strong team?fight setup, choke?point control, and coordinated rotations. Her ultimate, Diversion, allows her to reposition the entire team, enabling unexpected collapses on side lanes, fast objective setups, or instant counter?rotations on the map. She pairs extremely well with AoE damage dealers and hard?engage tanks that can capitalize on her multi?target stuns and forced positioning. However, she is vulnerable to hard dive and burst if her frontline collapses or if she misuses Diversion and loses her safety net. When played around vision, terrain, and coordinated engages, Luo Yi becomes a high?impact utility mage who dictates when and where fights happen.","","","","Duality","Luo Yi's skills can create Sigils of Yin/Yang on the battlefield. Each Sigil lasts up to 6s.Sigils of opposite attributes will trigger Yin-Yang Reaction when they are within a certain distance, dealing 365 (+20*Hero Level) (+190% Total Magic Power)Magic Damage to the marked enemies, stunning them for 0.3s, and pulling them toward each other.Each time Luo Yi applies a new Sigil to a marked enemy, she gains a 300 (+10*Hero Level) (+150% Total Magic Power) shield (up to 3 stacks) and 50% extra Movement Speed that decays over 2s.","Dispersion","Luo Yi casts the energy of Yin/Yang in the target direction, dealing 210 (+135% Total Magic Power)Magic Damage to the first enemy hit and those behind them in a fan-shaped area. Enemy heroes hit are marked with a Sigil of Yin/YangLuo Yi stores up to 4 Dispersion charges and gains 1 charge every 8s. She also immediately gains 1 charge each time Yin-Yang Reaction is triggered.The state of this skill changes on each cast.","Rotation","Luo Yi summons Fire of Yang/Aqua of Yin at the target location, dealing 250 (+50% Total Magic Power)Magic Damage to enemies hit and slowing them by 60% for 0.5s.Fire of Yan/Aqua of Yin then remains at the location for 6s, dealing 50 (+10% Total Magic Power)Magic Damage every 0.7s to nearby enemies. It can also trigger Yin-Yang Reaction with Sigils of opposite attributes.The state of this skill changes on each cast.","","","Diversion","Luo Yi creates a Teleport Circle around herself and marks the target location (within 28 units) as its destination. After a 3s delay, allied heroes (including herself) within the Circle will be teleported to the location.Passive: Luo Yi's Cooldown Reduction is increased by 6%."
"Martis","Fighter","Physical","Finisher/Charge","Martis is a Fighter hero who excels at finishing off enemies with his high burst damage. His kit provides him with excellent mobility and crowd control capabilities. His passive allows him to rapidly increase his attack speed through skill usage, making him more dangerous in extended fights. His ultimate is particularly effective at eliminating low-health targets, dealing True Damage to enemies below 50% HP and allowing for potential multi-kills if he successfully eliminates targets. With his combination of damage, mobility, and crowd control, Martis is an effective assassin-type Fighter who can quickly eliminate priority targets in team fights.","","","","Asura's Wrath","Each time Martis uses a skill, his Attack Speed will be increased by 30%, 120% maximum. Lasts 4s. He gains (+8*Hero Level) extra Attack at full stacks.","Asura Aura","Martis draws enemies to a fan-shaped area in front of him and deals 350 (+130% Extra Physical Attack) Physical Damage, slowing them by 40% for 2s.","Mortal Coil","Martis strikes in the target direction three times, each time dealing 225 (+120% Extra Physical Attack) Physical Damage to enemies hit. Enemies hit by the first and third strike are also knocked back. The attack direction can be changed once using the Joystick.

Use Again: Martis leaps in the target direction, dealing 300 (+150% Extra Physical Attack) Physical Damage to enemies in his path and knocking them airborne.
Martis gains Control Immunity and 60% Damage Reduction when casting this skill.","","","Decimation","Martis lunges at a designated enemy hero, dealing 700 (+120% Total Physical Attack) Physical Damage (deals True Damage if the enemy's HP is below 50%).
If the enemy is killed by this skill, Martis can cast the skill again within 10s and gains 100% extra Movement Speed that gradually decays over 5s. Each successive cast also increases the skill's damage by 15% (up to 30%)."
"Mathilda","Support/Assassin","magic","Initiator/Guard","Mathilda is a support/assassin hybrid who specializes in mobility, engage, and protection rather than pure healing. Her kit revolves around guiding allies with Guiding Wind to give them a dash and shield, poking and zoning with Soul Bloom, and using Circling Eagle to mark, chase, and lock down key targets. Thanks to her high base mobility and layered shields, Mathilda can both start fights and peel for her carries, weaving in and out of skirmishes while enabling her team to reposition safely.

Mathilda works best with aggressive divers and frontliners who want help entering fights, such as fighters and assassins that benefit from bonus movement, shields, and a reliable follow?up engage. In comps that like to play fast and contest vision, she can quickly rotate, bring teammates into fights with her, and punish mispositioned enemies with her ultimate. In the right lineup, Mathilda functions as a mobile enabler who bridges the gap between engage support and damage threat, making coordinated dives much harder to punish.","","","","Ancestral Guidance","Mathilda gains Ancestral Guidance while moving. When it's fully charged, her next Basic Attack will be enhanced, dealing 200 (+100% Total Physical Attack)(+100% Total Magic Power)Magic Damage to the target and granting her 80 extra Movement Speed that decays over 2.5s.","Doul Bloom","Mathilda resonates with the power of her ancestors for 4s, attracting wisps as her movement distance increases (up to 6 wisps).At the end of the skill's duration, or when Mathilda casts this skill again, the wisps will seek and attack nearby enemies, each dealing 275 (+80% Total Magic Power)Magic Damage and revealing the enemies' positions briefly. Subsequent damage dealt by wisps to the same target decays to 40%.","Guiding Wind","Mathilda leaps in the target direction and creates a field around her, gaining a 350 (+180% Total Magic Power) shield and 25% extra Movement Speed for 3s. Allied heroes who come into contact with the field will receive a 60% shield and Guiding Wind. The first allied hero that triggers Guiding Wind will be guided to Mathilda, and both of them will gain the same Movement Speed boost.When casting this skill during Circling Eagle, Mathilda won't change her position.Guiding Wind expires 2s after the hero leaves Mathilda's field.","","","Circling Eagle","Mathilda applies a Soul Mark to the target enemy hero and circles around them for up to 3.5s, during which her wisps will fly into nearby enemies, each dealing 40 (+15% Total Magic Power)Magic Damage. The Soul Mark will also slow the target by 15% and Soul Bloom will prioritize the target with Soul Mark.Within the duration, Mathilda can select an area to dash to. At the end of the duration, she'll dash at the target with Soul Mark, dealing 320 (+120% Total Magic Power)Magic Damage while knocking enemies in her path airborne for 0.6s, transferring the Soul Mark to the first enemy hero that she knocks airborne, and reducing the skill cooldown by 40%.Mathilda gains Control Immunity and a 400 (+160% Total Magic Power) shield for the skill duration."
"Melissa","Marksman","physical","Finisher/Damage","Melissa is a marksman who specializes in zone control, anti?dive, and punishing enemies that group or walk into her doll setup. Her kit revolves around positioning Muddles and Giggles so that hitting one target effectively hits multiple, letting her deal high DPS from a safe distance while still threatening frontliners and divers. With strong slows, roots, and multi?target attacks, she can both bully lane and control narrow choke points around objectives.

Melissa fits best in drafts that want a backline carry protected by strong peel and crowd control. Her ultimate, Go Away!, creates a powerful anti?dive field that knocks enemies back and blocks most gap?closers, making it very hard for melee assassins and fighters to stick to her or her teammates. She pairs extremely well with tanks and supports that can hold enemies inside her Muddles links and keep threats away from her zone. However, she is vulnerable to long?range poke, hard CC from outside her ultimate, or coordinated flanks that bypass her front line. When played with good trap placement, spacing, and frontline support, Melissa becomes a difficult?to?reach artillery carry who shreds anyone caught in her dolls’ range","","","","Doll Buster","My tailor shop excels at fixing and 'fixing' dolls. Am I right, Muddles?(Melissa deals 125% damage to Minions, Creeps, and Summoned Units.)","Falling!","Watch me slide forward and increase my Attack Speed for 3 seconds— Ah, that was just boring… Muddles, go that way! Cuddles, come here!(The skill's cooldown is reduced by 0.5s each time Melissa damages the enemy by attacking Muddles.)","Eyes on You!","The plan's like this: Throw Muddles out to hold down the bad guys, and then… I come on stage! I puncture the bad guys, while Giggles hit Muddles to punish them as well! Hee, fantastic!(Muddles deals 250 (+80% Total Physical Attack)Physical Damage on the first hit and links nearby enemies for up to 6s. Linked enemies are slowed by 60% that decays over 1.5s and can break the link by moving out of the range. Muddles will return to Melissa early when there are no enemies around and immediately if she's too far away. When Muddles is present, you can tap the Attack Minion button to directly attack Muddles, though it cannot trigger the multi-hit damage. Giggles only hits Muddles when Melissa has a target for her Basic Attack.)","","","Go Away!","Cuddles, protect me! For 4 seconds, let no bad guys come close. Unless I say otherwise!(When activated, the field knocks back enemies in the area and deals them 500 (+100% Total Magic Power)Magic Damage. It'll then continuously knock back enemies who attempt to enter the field, dealing them 50 (+10% Total Magic Power)Magic Damage and briefly slowing them. The field will also interrupt the enemy's movement skills unless they're immune to control effects. The field will move with Melissa once, when she's about to move out of the boundary.Passive: Melissa's Physical & Magic Defense are increased by 3. This effect is increased to 5 times when the skill is active.)"
"Minotaur","Support/Tank","magic","Crowd Control","Minotaur adalah Support/Tank dengan kemampuan heal area, crowd control area yang kuat (knock-up & slow), dan mekanik Rage untuk memperkuat semua skillnya serta menjadi immune CC saat Ultimate.","","","","Rage Incarnate","When Minotaur applies a control effect to an enemy hero with a skill, he will also reduce their Hybrid Defense by 5 (+0.5*Hero Level). When Minotaur heals an allied hero with a skill, he will also increase their Hybrid Defense by 5 (+0.5*Hero Level) for 2s. These effects are doubled in Enraged state.","Despair Stomp","Minotaur jumps to the target location, dealing 280 (+60% Total Physical Attack) Physical Damage to enemies in the area and briefly knocking them airborne. Enemies hit will also be slowed by 40% while Minotaur enhances his Basic Attacks to deal (+3% Total HP) extra Physical Damage for 2s.Enraged: Increases the AOE range and the damage dealt by (+3% Total HP) Physical Damage","Motivation Roar","Minotaur motivates himself and nearby allied heroes, recovering 220 (+60% Total Magic Power) HP to them and healing himself for 5% of his Lost HP.Enraged: Minotaur gains Enraged Regen for 2s, during which he recovers HP equal to 100% of the damage taken from an enemy hero's Basic Attack.","","","Minoan Fury","Minotaur enters Enraged state and smashes the ground 3 times. The first 2 hits deal 180 (+85% Total Physical Attack) Physical Damage to nearby enemies and slow them by 40%, while the final hit deals 200 (+85% Total Physical Attack) True Damage and knocks targets airborne. Minotaur is immune to control effects during this attack.Enraged state lasts 12s and enhances Minotaur's skills for the duration."
"Minsitthar","Fighter","Physical","Initiator/Crowd Control","Minsitthar is a frontline Fighter who specializes in initiation and crowd control, using his kit to lock enemies in place and force fights on his terms. With Mark of the King, his Basic Attacks and skills stack marks that detonate into a high HP?scaled stun and self?heal at max stacks, letting him trade aggressively and stay healthy in extended skirmishes. Spear of Glory gives him both a ranged engage and a displacement tool, pulling enemy heroes to him, while Shield Assault lets him enter a Phalanx state that reduces frontal damage and enhances his Basic Attacks to repeatedly strike a cone in front of him.

His ultimate, King’s Calling, summons Royal Guards and creates a field that blocks movement skills and constantly chips away at enemies, turning the area into a no?dash zone that punishes mobile carries and divers. Minsitthar fits best in comps that want strong, reliable engage and anti?mobility tools—frontliners and mages who can follow up on his pulls and ultimate benefit greatly from the control he provides. When drafted around, he becomes a powerful initiator who can both start fights and keep enemies trapped in his team’s damage","","","","Mark of the King","Minsitthar's Basic Attacks and skills apply a stack of Mark of the King, up to 5 stacks. Upon reaching max stacks, the next attack detonates all Mark of the King stacks, dealing Physical Damage equal to 400 (+6% Total HP) of Minsitthar's Max HP and stunning the target for 0.8s while healing Minsitthar for 400 (+6% Total HP) HP. Can only trigger once every 6s on the same target.","Spear of Glory","Minsitthar thrusts forward with the Spear of Glory, dealing 175 (+40% Total Physical Attack) Physical Damage and slowing enemies hit by 30%. Enemy heroes hit by the tip of the spear will be stunned for 0.6s. After a short delay, Minsitthar pulls back the spear, dealing 175 (+40% Total Physical Attack) Physical Damage to all enemies along the way and dragging enemy heroes hit to him.","Shield Assault","Minsitthar awakens the power in his shield and releases it, dealing 100 (+45% Total Physical Attack) Physical Damage to all enemies in a rectangular area and slowing them by 80% (decaying rapidly over 2s). Meanwhile, he enters Phalanx state for 3s, reducing damage taken from the front by 25% and enhancing his Basic Attack to swiftly strike an area in front of him for 100 (+45% Total Physical Attack) Physical Damage per hit.","","","King's Calling","Minsitthar charges forward and calls 4 Royal Guards to form a field around him. The Royal Guards cannot move but will attack enemies in the field and deal (+40% Total Physical Attack) Physical Damage to them.
Enemies in the field are slowed by 20% and cannot use movement skills."
"Miya","Marksman","physical_attack_speed","Finisher/Damage","Miya is a classic scaling marksman who focuses on high attack speed, on?hit damage, and tower taking rather than early kill pressure. With her passive and attack?speed steroids, she becomes a strong front?to?back DPS threat in the mid to late game, quickly shredding both frontline and structures if left unchecked. Her kit gives her reliable single?target damage with some AoE potential from split arrows, making her effective in extended fights where she can continuously free?hit from the backline.

Miya fits best in team compositions that can protect a stationary hyper?carry and buy time for her to reach her core items. She synergizes well with tanks and supports that provide peel, hard crowd control, and strong front?line presence, allowing her to stand still and maximize DPS. Her ultimate offers invisibility, movement speed, and CC cleanse, letting her reposition or dodge key engages when timed well. However, she is vulnerable to early aggression and dive if her team cannot peel for her. When drafted with solid front line and disengage tools, Miya becomes a reliable late?game win condition who can secure objectives and out?damage most enemy carries in drawn?out fights","","","","Moon Blessing","Each time Miya hits a target with her Basic Attack, she gains 5% Attack Speed for 4s. Stacks up to 5 times. After reaching full stacks, Miya summons a Moonlight Shadow with each Basic Attack that deals 30 (+20% Total Physical Attack)Physical Damage and inherits a portion of Attack Effects.","Moon Arrow","Miya shoots two extra arrows with each Basic Attack, dealing 10 (+100% Total Physical Attack)Physical Damage to the target enemy and 30% damage to nearby targets. This effect lasts 4s. Each extra arrow inherits a portion of Attack Effects.","Arrow of Eclipse","Miya launches an empowered arrow on the target area, dealing 270 (+45% Total Physical Attack)Physical Damage to enemies within and immobilizing them for 1.2s. The arrow then splits into 6 scattering minor arrows, each dealing 40 (+20% Total Physical Attack)Physical Damage to the first enemy hit and slowing them by 30% for 2s.","","","Hidden Moonlight","Miya removes all debuffs on her and conceals herself, gaining 35% extra Movement Speed. This state lasts 2s or until she launches an attack.Miya gains full stacks of Moon Blessing upon leaving the state."
"Moskov","Marksman","Physical","Finisher/Chase","Moskov is a marksman who specializes in high attack speed, piercing basic attacks, and strong late-game DPS. His skill set lets him reposition quickly, poke multiple enemies through line attacks, and secure kills from long range with his ultimate. In team fights, Moskov can shred frontliners while still threatening the backline if he finds good angles through minions or enemy heroes. He is especially strong when he can freely farm and reach his core items, turning him into a major threat around objectives. However, Moskov is vulnerable to crowd control, burst assassins, and early-game pressure that delays his item spikes. He works best with teammates who can provide peel, reliable engage or disengage, and crowd control to keep enemies within his attack range.","","","","Spear of Quiescence","Moskov's Basic Attacks can penetrate the target and deal (+68% Total Physical Attack)- (+110% Total Physical Attack) Physical Damage to enemies behind them (scales with hero level). Each Basic Attack hit reduces the cooldowns of Abyss Walker by 0.8s and Spear of Misery by 0.8s.","Abyss Walker","Moskov teleports to the target location, increasing his Attack Speed to 1.15 times for 3s. Meanwhile, his Basic Attack deals (+10% Total Physical Attack) more damage to enemies behind the primary target.","Spear of Misery","Moskov launches a powerful strike at the target enemy hero or Creep, dealing 300 (+60% Total Physical Attack) Physical Damage, knocking them back, and revealing their position for 2s.

If the target collides with an enemy hero when knocked back, they'll both take 200 (+30% Total Physical Attack) Physical Damage and be stunned for 1.2s. If the enemy is knocked into a wall, they will also be stunned for the same duration.","","","Spear of Destruction","After a short delay, Moskov throws the Spear of Destruction in the target direction, dealing 340 (+100% Total Physical Attack) Physical Damage to enemies in its path and to the first enemy hero hit. Upon hitting an enemy hero, the spear pierces them, dealing 10% extra Physical Damage to enemies behind them. The target and enemies hit by the piercing damage will be slowed by 50% for 1s (the slow duration scales with the spear's travel time, up to 3s).

When Spear of Destruction hits the first enemy hero, it creates a shadow behind them and refreshes the cooldown of Abyss Walker.

Use Again: Moskov casts Abyss Walker from the shadow's location (shares the same cooldown as the skill)."
"Nana","mage","magic","poke/burst","Nana is a poke/control mage who excels at disrupting enemy engages, providing annoying crowd control, and contributing consistent magic damage from a safe distance. Her kit revolves around zoning with Magic Boomerang, transforming enemies with Molina Smooch, and using Molina’s Gift passive to survive what would normally be lethal burst, making her much harder to pick off. With reliable slows, polymorph, and AoE damage from Molina Blitz, she can repeatedly harass in lane and make it very risky for enemies to dive her team.

Nana fits best in drafts that want simple but effective utility and poke from the mage slot rather than complex combo execution. She pairs well with frontliners and marksmen who benefit from extra peel and setup, as her polymorph and slows make it easier to lock targets down or kite divers. However, she lacks hard burst compared to pure nuker mages and can feel less impactful in very high?tempo comps that rely on fast one?shot kills. When played around vision and good positioning, Nana becomes an extremely annoying control mage who constantly chips away at enemies and punishes careless engages with polymorphs and follow?up damage","","","","Molina's Gift","Upon taking fatal damage. Nana removes all debuffs on her and transforms, becoming untargetable and invincible and gains 30% Movement speed for 2s. she also recovers 10% max hp over the duration. Nana can only transform once every 150s and cannot cast skills in the transformed form","Magic Boomerang","Nana hurls her magic boomerang in the target direction, dealing damage to enemies hit on its way out and back. the boomerang deals 300(+90% total magic power) Magic damage to the first enemy hit. for every additional enemy hit, the damage is reduced by 10% (max reduction of 30%)","Molina Smooch","Nana throws molina at the target location, dealing 250(+50% total magic power) Magic damage to enemies within range and transforming enemy heroes hit into small animals. if molina does not hit an enemy hero, she will remain on the ground and chase the nearest enemy hero that comes into range. transforming the first enemy hero she touches. transform: reduces the target's movement speed by 50% and magic defense by 30% for 1.5s transformed heroes cannot attack or use skills.","","","Molina Blitz","Nana summons molina to strike the target area 3 times, each time dealing 440(+140% total magic power) Magic damage to enemies within and slowing them by 30% for 1s. enemies hit consecutively will be stunned for 1s"
"Natalia","Assassin","Physical","Chase/Finisher","Natalia is a stealth assassin who excels at punishing mispositioned backliners, controlling vision, and snowballing off early picks. Her kit revolves around entering camouflage from bushes, gaining bonus movement speed, silence, and amplified damage on her enhanced Basic Attacks. With careful pathing and timing, she can repeatedly appear from fog of war, burst down squishy targets, and disappear before the enemy can react or counter?engage.

Natalia fits best in drafts that want strong pick potential, map pressure, and backline threat rather than straight 5v5 front?to?back fights. She pairs well with heroes that provide waveclear, frontline stability, or additional crowd control so the enemy is forced to group or play scared under vision. However, she struggles against lineups with strong detection, reliable point?and?click CC, or heavy peel that can protect their carries even if she gets the first jump. When played with good macro, bush control, and patience, Natalia becomes a constant lurking threat that forces enemy cores to farm carefully and limits their freedom to move on the map.","","","","Assassin Instinct","If Natalia stays in a bush without taking damage for 1s, she will enter Camouflage state and gain 15% Movement Speed. In this state, Natalia's next Basic Attack will teleport her behind her target and deal 200 (+110% Total Physical Attack) Physical Damage while silencing the target for 0.25s.

Dealing damage, taking damage or using skills will immediately end the Camouflage state, but her next Basic Attack will remain enhanced for another 1s.

Natalia's base Crit Damage is reduced to 150%, but her damage to Creeps is increased to 150%.","Claw Dash","Natalia dashes in the target direction, dealing 250 (+50% Total Physical Attack) Physical Damage to enemies in her path.

After hitting an enemy, she can cast this skill again within 5s.","Smoke Bomb","Natalia releases a Smoke Bomb at her location, slowing enemies within by 25% while Natalia becomes immune to enemy Basic Attacks for 4s.","","","The Hunt","Passive: Natalia gains 15% extra Crit Chance.

Active: Natalia immediately enters Assassin Instinct state. Natalia can store up to 2 charges of her Ultimate and each charge has a recharge time of 30s. Creep kills will reduce the current remaining recharge time by 50% of the full recharge time."
"Natan","Marksman","Magic","Burst/Magic Damage","Natan is a magic?damage marksman who excels at kiting, bursty sustained DPS, and outplaying enemies with his reverse clone. His kit revolves around stacking Entanglement for high Attack Speed and Movement Speed, while his Basic Attacks and skills deal primarily Magic Damage that scales well with both Physical and Magic Power. With Superposition and Interference!, he can poke, knock back, and control space, making it difficult for enemies to run him down in straight chases.

Natan fits best in drafts that want a backline carry with strong late?game scaling and high outplay potential rather than a simple right?click marksman. Entropy? gives him a unique Reverse?Clone that mirrors his actions and amplifies his damage, while also enabling creative repositioning and aggressive angles when he swaps places. He pairs well with frontliners and supports that can provide peel and lockdown, giving him time to ramp up stacks and safely fire from range. However, he is vulnerable to hard dive and burst if caught without Entropy? available or mispositioned in tight spaces. When drafted with solid peel and good setup, Natan becomes a high?ceiling magic DPS carry who can shred teams and win extended fights through superior positioning and clone management.","","","","Theory of Everything","Natan gains a stack of Entanglement each time he or his Reverse-Clone hits an enemy with a skill (up to 6 stacks). Each stack lasts 2.5s and grants 7.5% Attack Speed and 5% Movement Speed.
Natan's Basic Attack projectiles will return to Natan after reaching the maximum range, dealing an extra 30 (+50% Total Physical Attack) (+60% Total Magic Power) Magic Damage to enemies along the way (inherits a portion of Attack Effects). Hitting an enemy refreshes Entanglement's duration.","Superposition","Natan shoots a dense mass of energy in the target direction, dealing 225 (+100% Total Physical Attack) (+120% Total Magic Power) Magic Damage to enemies in its path.","Interference!","Natan launches a Gravitational Attractor in the target direction, dealing 150 (+50% Total Physical Attack) (+60% Total Magic Power) Magic Damage to enemies in its path and knocking them back.
The Attractor detonates upon reaching the maximum range, dealing 30 (+10% Total Physical Attack) (+12% Total Magic Power) Magic Damage to nearby enemies and knocking them back.","","","Entropy?","Natan summons a Reverse-Clone that lasts 10s at 6 units away. The Reverse-Clone copies his moves and attacks in reverse and inherits 35% of his Basic Attack and skill damage.
Use Again: Natan switches places with the Reverse-Clone.

Each cast reduces other skills' remaining cooldowns by 50%. The Reverse-Clone will disappear if Natan is too far away."
"Nolan","Assassin","Physical","CHase/Burst","Nolan is a physical Assassin focused on chase/burst damage built around his unique Dimensional Rift mechanic. Each time he casts skills, Nolan leaves rifts on the ground; when two rifts interact, they activate, pulling enemies toward the center and dealing high Physical Damage after a short delay. Every rift activation that hits enemies also restores his Energy, letting him chain abilities more frequently, while repeated hits on the same target have reduced damage to prevent overkill. Overall, Nolan functions as a mobility?and?zone?control assassin who excels at dragging enemies into his rift patterns and bursting them down if they misstep into his setup","","","","Dimensional Rift","Nolan's skills will leave a Rift. When a rift comes into contact with another rift, they will activate and pull enemies to their center and deal 240 (+140% Extra Physical Attack) Physical Damage after a short delay. Each time a rift activation hits an enemy, Nolan will gain 20 Energy. If an enemy is hit by multiple rift activations, the damage after the first hit will be reduced by 40%.
Cosmic Leap: If Nolan does not deal or take damage for 5s, he enhances his next Basic Attack to dash to the target, dealing (+120% Total Physical Attack) Physical Damage and leaving a Rift. (Damage to and from Minions or Creeps will not prevent Nolan from getting this effect.)","Expansion","Nolan cuts a rectangular area in front of him with his cosmic gauge, dealing 230 (+40% Total Physical Attack) Physical Damage and leaving a Rift at the first enemy hit.","Gauge","Nolan charges in the target direction and slashes with his cosmic gauge, dealing 70 (+13% Total Physical Attack) Physical Damage to enemies in his path and leaving a Rift.","","","Fracture","Nolan slashes at the target location 3 times, dealing 120 (+50% Extra Physical Attack) Physical Damage with each slash while leaving 3 rifts and slowing the target hit by 30% for 0.5s. The rifts will be activated automatically while Nolan dashes backward."
"Novaria","Mage","magic","Burst/Poke","Novaria is a long?range poke/burst mage who specializes in sniping enemies from fog of war and controlling space with empowered astral spheres. Her kit revolves around setting up Astral Meteor zones and then using Astral Recall into Star Shatter to fire high?damage projectiles that scale with travel distance, allowing her to chunk enemies from very far away. With Astral Echo providing vision and hitbox enlargement on marked targets, she can reliably land skill shots and make it difficult for enemies to walk into contested areas.

Novaria fits best in drafts that want strong siege, zone control, and objective setup rather than hard all?in engage. She pairs extremely well with tanks and supports that can front line, provide vision, or lock targets inside her spheres so her long?range shots are easier to hit. However, she is vulnerable to hard dive and assassins if they manage to bypass her frontline, as she relies on range and terrain rather than strong self?peel. When played with good positioning, vision control, and patience, Novaria becomes a high?pressure artillery mage who can soften the entire enemy team before major fights even begin.","","","","Star Trail","Astral Spheres summoned by Novaria will continuously slow nearby enemies by 20% and grant vision of them.","Astral Meteor","Novaria summons an Astral Sphere at the target location, continuously dealing 75 (+25% Total Magic Power) Magic Damage to nearby enemies. After 2s, the sphere will explode, dealing Magic Damage equal to 260 (+50% Total Magic Power) plus 4% of the enemy's Max HP to nearby enemies, and increasing Astral Sphere's slow effect to 2.5 times the original slow effect.","Astral Recall","Novaria summons an Astral Sphere at a distance and draws it towards her. At the same time, Novaria gains 20% Movement Speed and can pass through terrain. Passing through a wall will increase the Movement Speed bonus to 60%. When the Astral Sphere reaches Novaria, she can cast Star Shatter to launch it in a target direction within 5s. The sphere will explode when hitting an enemy hero, dealing Magic Damage equal to 230 (+70% Total Magic Power) plus 4% of the target's Max HP. The damage will increase based on the Astral Sphere's travel distance (starting from when the sphere is summoned), up to 2.5 times the original damage.","","","Astral Echo","Novaria scatters Astral Echo in the target direction, briefly slowing enemy heroes hit by 50% while applying Astral Ring on them, increasing their hitbox by 2.5 times and revealing their surrounding area. This effect lasts 5s."
"Obsidia","Marksman","physical","Finisher/Damage","Obsidia is a finisher marksman who excels at dealing sustained physical damage through her Bone Shard mechanic. She accumulates Bone Energy through attacks and skills, which then form Bone Shards that enhance her basic attacks. Her ultimate allows her to engage and lock down priority targets, making her effective at eliminating key enemies in team fights. She has good mobility with her Shadowmeld ability, which is further enhanced during her ultimate, allowing her to reposition and chase down targets effectively.","","","Hero eksklusif dari server advanced, memiliki kemampuan unik untuk melakukan crowd control area-of-effect yang sangat kuat. Skill ultimate-nya dapat mengubah bentuk menjadi lebih besar dengan stats meningkat drastis. Sangat direkomendasikan untuk rank push di atas Mythic.","Return to Bone","When Obsidia deals damage to enemies, she gains Bone Energy (Basic Attacks against non-hero units grant 1 Energy, against hero units grant 2 Energy, and skills grant 3 times the Energy. No Energy is gained from hitting creeps). When Bone Energy reaches 30, it forms a Bone Shard, up to 25 shards. When Obsidia uses Basic Attacks, all Bone Shards strike the target, each dealing (+7% Total Physical Attack) Physical Damage and inheriting 7% Attack Effects.
Killing an enemy hero directly grants 1 Bone Shard(s).
Obsidia's Basic Attacks deal 80 (+70% Total Physical Attack) Physical Damage, inheriting 70% Attack Effects.","Abyssal Bone Needle","Obsidia launches an Abyssal Bone Needle, dealing 325 (+80% Total Physical Attack) Physical Damage to enemies hit and triggering Return to Bone on the first enemy hero struck.","Phantom Shadowmeld","Obsidia descends into the Abyss and enters Shadowmeld Form, gaining 500% Movement Speed for 0.3s.","","","Hunt of Bone","Obsidia shoots Bones of Wrath in the target direction, dealing 125 (+60% Extra Physical Attack) Physical Damage and briefly stunning the first enemy hero hit, and pulls herself near them. The Bones of Wrath then tether to the enemy, preventing Obsidia from moving more than 4 units away from them. The enemy cannot use displacement skills, and their movement will pull Obsidia along. During this time, Obsidia gains 5 temporary Bone Shard(s). This effect lasts 3s.
During this time, Obsidia can move through obstacles and use Basic Attacks while moving. Phantom Shadowmeld is enhanced, with its duration increased to 1s and cooldown reduced to 33%."
"Odette","mage","magic","burst/poke","Odette is a mage who focuses on wide-area burst damage and strong teamfight presence, especially when she can fully channel her ultimate. Her kit lets her poke and control zones from medium range, then commit with a large circular ultimate that can wipe out grouped enemies if they lack interruption or mobility. When protected by her teammates, Odette can decide fights around objectives by forcing enemies to choose between backing away or taking massive damage. However, she is vulnerable while channeling, and she struggles against assassins, long-range poke, and lineups with reliable crowd control that can cancel her ultimate. Odette works best with teammates who provide strong frontline, hard engage, or lockdown so she can safely position, start or follow up teamfights, and unleash her full damage on multiple targets","","","","Lakeshore Ambience","Each skill cast grants extra range on Odette's next Basic Attack within 8s and causes it to bounce between enemies (or an enemy and herself if only one enemy is in range), dealing 144-200 (+50% Total Magic Power)Magic Damage per hit. Odette's skills will also trigger this effect when hitting an enemy. This effect stacks up to 3 times.","Avian Authority","Odette releases a magic swan in the target direction, dealing 300 (+150% Total Magic Power) Magic Damage  to enemies hit and slowing them by 30% for 2s.","Blue Nova","Odette releases a set of magic energy balls in the target direction, dealing 250 (+50% Total Magic Power) Magic Damage  to the first enemy hit and immobilizing them for 1.5s. After hitting an enemy, another energy ball will split off and attack a nearby enemy (prioritizes enemy heroes), dealing them 250 (+50% Total Magic Power) Magic Damage and immobilizing them for 1.5s.","","","Swan Song","Odette begins to dance, gaining a 1400 (+150% Total Magic Power) shield while dealing up to 2400 (+900% Total Magic Power) Magic Damage to enemies in a large area around her for 5s. The bounce speed and frequency of Lakeshore Ambience's sound wave in the area are also enhanced when the skill is active.Use again while the skill is active to dash in the target direction.The skill is a channeling cast and will be interrupted if Odette is hit by high level control effects (knocked airborne, transformed, etc.) or if she performs another action."
"Paquito","Fighter/Assassin","Physical","Chase/Damage","Paquito is a high-mobility Fighter/Assassin who excels at chasing and sustained damage through his Champ Stance mechanic. After every three skill casts, he enters Champ Stance and gains an enhanced version of his next skill that ignores cooldowns, significantly increasing his burst potential and movement speed for a short duration. His combo-based kit lets him weave dashes and punches to both close gaps and survive trades using strong shields, making him very effective at skirmishing, diving backlines, and outplaying opponents who misjudge his enhanced-skill timings.","","","","Champ Stance","After every 3 skill casts, Paquito enters the Champ Stance, gaining an enhanced skill ignoring his current cooldowns. He gains 60% extra Movement Speed that decays over 1.8s after casting the enhanced skill.
Paquito's Basic Attacks only deal (+85% Total Physical Attack) Physical Damage.","Heavy Left Punch","Paquito throws a punch in the target direction, dealing 210 (+50% Total Physical Attack) Physical Damage to enemies hit. If this skill hits an enemy hero or Creep, Paquito will also gain a 150 (+135% Total Physical Attack) shield for 2.5s.

Champ Stance: The damage is increased to 350 (+100% Total Physical Attack) Physical Damage and the shield value is increased to 140%. The normal and enhanced shields can stack.","Jab","Paquito dashes in the target direction and throws a jab, dealing 200 (+165% Total Physical Attack) Physical Damage to enemies hit. Paquito will stop and throw the jab immediately upon colliding with an enemy hero or Creep during the dash.

Champ Stance: The damage is increased to 350 (+230% Total Physical Attack) Physical Damage.","","","Knockout Strike","Paquito launches an elbow strike in the target direction, dealing 250 (+50% Total Physical Attack) Physical Damage to enemies hit and knocking them back. He then throws a haymaker, dealing 300 (+90% Total Physical Attack) Physical Damage to enemies hit and slowing them by 75% for 1s, as he darts backward.

Champ Stance: Instead of a haymaker, Paquito launches an uppercut after the elbow strike, dealing 400 (+120% Total Physical Attack) Physical Damage to enemies hit and knocking them airborne for 0.5s."
"Pharsa","Mage","magic","Burst/Poke","Pharsa is a long?range burst mage who specializes in controlling vision and poking enemies from an extremely safe distance. With her flight form, she can quickly reposition over walls, rotate between lanes, and set up favorable angles before team fights. Once in position, her ultimate lets her bombard a large area with high burst damage, forcing enemies to either retreat or risk getting chunked out before objectives.

Pharsa fits best in comps that want strong siege, waveclear, and objective control. She pairs very well with frontliners and supports that can provide hard engage or reliable crowd control to keep enemies inside her ultimate zone. However, she is vulnerable if caught without her flight or if assassins manage to dive past her frontline, since she has limited defensive tools and relies heavily on positioning. When drafted with solid peel and good vision, Pharsa becomes a powerful artillery mage who can dictate the pace of fights and make it difficult for the enemy team to walk into key areas of the map","","","","Spiritual Unity","Every 5 to 8s (varies with Feathered Air Strike level), Verri enters the Hunting state and assists Pharsa on her next attack against an enemy hero, dealing extra Magic Damage equal to 8% of the target's Max HP (+ 1% for every 200 Magic Power owned) and slowing them by 60% for 1s.","Curse of Crow","Pharsa unleashes a blast of magic at the target location, dealing 300 (+120% Total Magic Power) Magic Damage to enemies hit and marking them for 4s.When Pharsa hits a marked enemy with a Basic Attack or active skill, the mark is consumed to stun them for 1s.Marked enemies have their position revealed.","Energy Impact","Pharsa releases magic energy in the target direction, dealing 525 (+145% Total Magic Power) Magic Damage to enemies hit.","Wings by Wings","Pharsa turns into mist and wraps herself around Verri, gaining 150% extra Movement Speed (decreasing over time) and the ability to fly over terrain. This state lasts up to 5s or until she uses a Basic Attack or skills, or is controlled. The skill's cooldown is reduced by 0s each time Pharsa levels up.","Feathered Air Strike","Passive: Each level-up reduces Spiritual Unity's interval by 1s. Active: Pharsa takes flight for 8s and bombards the target location, dealing 570 (+160% Total Magic Power) Magic Damage to enemies within the area. This skill can be cast up to 4 times within the duration."
"Phoveus","Fighter","Magic","Regen/Damage","Phoveus is a magic?damage fighter who specializes in punishing highly mobile heroes and thriving in extended skirmishes. His kit revolves around Demonic Impact and Dark Wave to zone, slow, and repeatedly damage enemies, while his passive interactions with blinks and dashes constantly refresh his cooldowns. With Demonic Force and Infernal Pursuit, Phoveus gains shields, bonus damage based on enemy Max HP, and reliable gap?closing that lets him stick to targets and outlast them through repeated leaps and HP restoration.

Phoveus works best into lineups that rely heavily on mobility, such as assassins and dash?based fighters, since every blink or dash around him becomes an opportunity to re?engage and turn the fight. He pairs well with frontliners and supports who can keep enemies in his threat zone or force them to use movement skills, making it easier for him to chain his ult and repeatedly jump into the backline. In the right composition, Phoveus acts as an anti?mobility bruiser who punishes careless dashes and slowly overwhelms opponents in drawn?out fights.","","","","Demonic Force","Phoveus's next Basic Attack allows him to charge at the enemy, knocking them back, dealing extra Magic Damage equal to 4% of the enemy's Max HP, and gaining a Shield equal to 8% of his Max HP. This effect has a 26-14s cooldown (based on Infernal Pursuit level).
Astaros' Gaze: Whenever an enemy hero blinks, dashes, or is displaced within 8 units of Phoveus, the cooldown of Demonic Force will be reduced by 20% and the cooldown of his other skills will be reduced by 0.5s.","Demonic Impact","Phoveus slams his monolith into the ground, dealing 200 (+120% Total Physical Attack) Physical Damage to enemies in the area and slowing them by 70% for 0.5s. If this skill hits an enemy, Phoveus's next Demonic Impact will leave behind an Astaros Eye.

Astaros Eye: Implodes after a short delay, dealing 100 (+60% Total Physical Attack) Magic Damage to the enemies.","Dark Wave","Phoveus lowers his monolith and releases his demonic power in the target direction, knocking enemies airborne, dragging them along, and dealing 250 (+100% Extra Physical Attack) Magic Damage.","","","Infernal Pursuit","Sinner: Demonic Force, Astaros Eye, and Dark Wave can apply Sinner's Mark to the enemy hero hit.

Judgment: Phoveus leaps into the air and smashes down with his monolith at the enemy hero with Sinner's Mark, dealing 250 (+100% Total Physical Attack) plus extra Physical Damage equal to 5% of the target's Max HP to enemies in the area while Phoveus recovers 50 plus 6% of his Lost HP.

The HP recovered is reduced by 80% when hitting multiple enemies."
"Popol and Kupa","Marksman","physical_attack_speed","Push/Burst","Popol and Kupa are a duo marksman/support hybrid who excel at zone control, pick potential, and safe front?to?back damage. Popol fights alongside his loyal companion Kupa, using him to frontline, harass, and lock down targets while Popol stays at a safe distance. Their kit provides strong single?target damage, reliable roots and knock?ups, and powerful turret?like pressure when Kupa is empowered, allowing them to bully lane, control choke points, and punish enemies who misstep into traps or extended trades.

Popol and Kupa fit best in drafts that value vision control, setup, and defensive peel around the gold lane. With their traps and Kupa’s crowd control, they can protect themselves from ganks, scout jungle entrances, and create safe zones for their team to fight around. They pair well with frontliners and control?type supports who can further lock targets inside Kupa’s attack range or follow up on his CC. However, they are vulnerable if Kupa is killed repeatedly or if hard divers can bypass him to reach Popol directly. When played with good trap placement and Kupa management, Popol and Kupa become a very annoying lane bully and a strong mid?game control marksman who can both start picks and safely shred targets from behind their pet","","","","We Are Friends","Kupa recovers 10% Max HP per second after not taking damage for 5s. When Kupa is killed, Popol can Pray for 3s to bring Kupa back to the battlefield. Cooldown: 30s.Every 3 consecutive attacks from Kupa will enhance Popol's next Basic Attack to deal  (+220% Total Physical Attack)Physical Damage. Kupa has 2500 (+1200% Total Physical Attack) Max HP and inherits 100% of Popol's other attributes and passive equipment effects (excluding Jungling and Roaming equipment effects).Kupa deals an additional 120% damage against Creeps.","Bite 'em Kupa!","Popol throws a spear at the target enemy, dealing 80 (+100% Total Physical Attack)Physical Damage while simultaneously commanding Kupa to lunge at the target, dealing an additional 70 (+75% Total Physical Attack)Physical Damage. Kupa will continue to attack the target for 3s.","Kupa Help!","Popol summons Kupa back to his side, gaining a 240 (+200% Extra Physical Attack) shield while dealing 240 (+50% Total Physical Attack)Physical Damage to nearby enemies and slowing them by 35% for 0.5s. Kupa will then assist Popol to attack nearby enemies for 3s.Alpha Wolf Form: Kupa darts back to Popol, knocking nearby enemies airborne for 0.2s. The shield and damage are increased to 125%.","We Are Angry!","Popol sets a trap at the target location that will detonate after a short delay once triggered, dealing 70 (+20% Total Magic Power)Magic Damage to the enemy that steps on it, immobilizing them for 1s, and creating a frost zone for 4s. Enemies in the frost zone will have their Movement Speed reduced by 20%.Popol gains a trap charge every 22s (up to 3). Up to 3 traps can exist at the same time on the battlefield, each lasting up to 60s.","Popol's Surprise","Popol and Kupa enter the Enraged state for 12s, gaining 15% extra Movement Speed and increasing their Attack Speed to 1.3 times.Kupa turns into Alpha Wolf Form, gaining 1500 extra Max HP, fully restoring its HP, while enhancing its other skills."
"Rafaela","Support","magic","Regen/Guard","Support penyembuh tim yang memberikan regenerasi HP kuat, buff kecepatan gerak, poke damage, slow, serta crowd control berupa stun area.","","","","Divine Resurrection","rafaela can cast a special skill every 40s. after channeling for 2.5s. she instantly resurrects an ally and increases their movement speed by30% for 5s (taking damage from heroes and legend creeps interrupts channeling and puts the skill on base cooldown). this skill's cooldown is increased by 500% of the target's remaining respawn time capped at 240s. this skill is not affected by cooldown reduction","Light of Retribution","Rafaela strikes the three nearest enemies with Light of Retribution, dealing them 225 (+120% Total Magic Power)Magic Damage, briefly revealing their positions, and slowing them by 40% for 1.5s. Enemies hit by Light of Retribution again within 6s will take 20% extra damage (this effect stacks up to 3 times).","Holy Healing","Rafaela calls upon Holy Light, restoring 100 (+35% Total Magic Power) HP to nearby allied heroes, plus an additional 150 (+45% Total Magic Power) HP to herself and the most injured allied hero in range. Also increases the Movement Speed of nearby allied heroes by 30% and grants Slow Immunity for 1s.Every 20 point(s) of Magic Power will add 1% to the Movement Speed bonus.","","","Holy Baptism","Rafaela unleashes the true power of Holy Light in the target direction, dealing 460 (+120% Total Magic Power)Magic Damage to enemies in a line and stunning them for 1.2s."
"Roger","Fighter/Marksman","Physical","Finisher/Burst","Roger is a flexible fighter–marksman who can switch between ranged and melee forms to adapt to different stages of a fight. In his human form he provides safe poke and consistent damage from distance, while his wolf form gives burst, chase, and execution tools to finish off low?HP targets. With the right timing, Roger can open with ranged damage, then transform to dive the backline or clean up fights once enemies are already weakened. However, he is vulnerable to hard crowd control and strong frontlines that can survive his combo and punish his dives. Roger works best with teammates who can provide reliable engage, vision, and peel so he can freely reposition, choose his form based on the situation, and safely follow up on his team’s initiation","Full Moon Curse","Roger can freely switch between human and wolf forms.

In human form, Roger's Basic Attack and skills deal additional damage equal to 4% of the target's current HP.

In wolf form, Roger's Basic Attack and skills deal additional damage equal to 4% of the target's lost HP.

This effect can only deal up to 60 additional damage against Creeps.","","","","Open Fire","Roger fires two quick shots in the target direction, dealing 250 (+125% Total Physical Attack) Physical Damage in total to the enemy hit. The first shot is a hunter net that slows the enemy by 80% for 1.5s, while the second is a bullet that reduces the enemy's Physical Defense by 10 for 5s.","Hunter's Steps","Roger gains 20% Movement Speed and 20% Attack Speed for 2.5s.","","","Wolf Transformation","Roger lunges in the target direction and turns into wolf form, dealing 150 (+100% Extra Physical Attack) Physical Damage to enemies hit and slowing them by 90% for 0.8s.

Passive: In wolf form, Roger gains 20 Physical & Magic Defense and 25 Movement Speed."
"Ruby","Fighter","physical","Crowd Control/Regen","Ruby is a sustain?heavy fighter who specializes in crowd control, peeling, and repeatedly dragging enemies into bad positions. With high Spell Vamp on her skills and a dash after each cast, she can frontline longer than most fighters while constantly disrupting opponents with pulls, slows, and short stuns. Her kit allows her to lock multiple targets in place, reset her positioning, and keep enemies inside her team’s damage zones.

Ruby fits best in drafts that want strong front?line control and peel for backline carries rather than pure burst. She pairs extremely well with AoE mages and marksmen who benefit from enemies being grouped and held in one area, as well as with comps that want extended fights where her lifesteal and dashes shine. However, she can struggle to kill very tanky targets by herself and is vulnerable if she burns her mobility into heavy hard?CC. When played with good spacing and timing, Ruby becomes a frustrating frontline disruptor who can both protect her team and set up high?value engages.","","","","Let's Dance!","Ruby starts with 5% Spell Vamp and her skills have a 125% Spell Vamp Ratio (but her Basic Attacks cannot trigger Lifesteal). After each skill cast, Ruby can dash to another location and gain 7.5 (+1.5*Hero Level) Physical & Magic Defense (scales with level) for 4s (stacks up to 3 times).","Be Good!","Ruby swings her scythe, dealing 90 (+70% Total Physical Attack)Physical Damage to enemies hit. She then unleashes a shockwave in the same direction, dealing 90 (+70% Total Physical Attack)Physical Damage to enemies hit and slowing them by 40% for 1s.","Don't Run Wolf King!","Ruby swings her scythe around herself twice, each swing dealing 60 (+55% Total Physical Attack)Physical Damage to nearby enemies, stunning them for 0.5s, and slowly pulling them toward her.","","","I'm Offended!","Ruby sweeps her scythe in the target direction, dealing 200 (+200% Total Physical Attack)Physical Damage to enemies hit, pulling them toward her, and stunning them for 0.5s."
"Saber","Assassin","physical","Charge/Finished","Saber is an assassin who specializes in quickly eliminating single targets, especially fragile backline heroes. His kit lets him close the gap with mobility, apply armor reduction, and lock one enemy in place with his ultimate, making him very threatening in pickoffs and small skirmishes. When ahead, Saber can repeatedly dive onto enemy carries, delete them, and then reset fights in his team’s favor. However, he is vulnerable to crowd control, tanky frontlines, and heroes that can survive or negate his initial burst. Saber works best with teammates who provide vision, wave control, and follow-up damage so he can find clean angles to flank, isolate priority targets, and escape or reset after his combo.","","","","Enemy's Bane","Saber's attacks reduce enemies' Physical Defense by 3-8 for 5s on hit. This effect stacks up to 5 times.","Orbiting Swords","Saber shoots out 5 swords that orbit around him, dealing 80 (+30% Extra Physical Attack)Physical Damage to enemies on contact. After orbiting around Saber for a period of time, the swords will fly back to Saber.Within the duration of this skill, when Saber deals damage with his Basic Attacks or skills, he will send an orbiting sword towards the target, dealing 210 (+60% Extra Physical Attack)Physical Damage to the main target and 50% of the damage to other targets it passes through and reducing the cooldown of Charge by 1s. It deals only 50% damage to minions.","Charge","Saber dashes in the target direction, dealing 75 (+50% Extra Physical Attack)Physical Damage to enemies along the way while enhancing his next Basic Attack. Saber can dash to the target, and his enhanced Basic Attack deals 75 (+120% Total Physical Attack)Physical Damage and slows the target by 60% for 1s.","","","Triple Sweep","Saber charges at the target enemy hero, knocking them airborne for 1.2s and striking them 3 times over the duration. The first two strikes deal 120 (+100% Extra Physical Attack)Physical Damage each, while the third strike deals 240 (+200% Extra Physical Attack)Physical Damage"
"Selena","Assassin/Mage","magic","Initiator/Finisher","Selena is an assassin/mage hybrid who excels at early?game pick potential, vision control, and high burst damage from fog of war. Her kit revolves around placing Abyssal Traps to scout and mark areas, then landing long?range Abyssal Arrows that can stun enemies for a very long duration if they travel far enough. Once a target is hit or forced to react, Selena can instantly switch to her Abyssal Form, dash in, and unload a fast combo of gap closers and executes to delete squishy heroes before they can respond.

Selena fits best in drafts that want strong early pressure, invade potential, and pick?based win conditions around objectives. She pairs extremely well with aggressive junglers and roamers who can follow up on her stuns and play around her trap control in river and jungle entrances. However, she falls off if she fails to snowball, and her impact drops in straight 5v5 front?to?back fights where it’s hard to hit arrows or find flanks. When drafted into comps that play around vision, skirmishes, and early objectives, Selena becomes a high?risk, high?reward tempo hero who can snowball the map off just a few well?placed traps and arrows","","","","Symbiosis","Selena can switch freely between her two forms.Elven Form: Selena applies Abyssal Mark when her skills deal damage. Marks last 8s and can stack up to 2 times.Abyssal Form: Selena's Basic Attacks become melee and deal (+25% Total Magic Power) additional Magic Damage. Her skills deal 240-450 (+40% Total Magic Power) additional Magic Damage to enemies with Abyssal Mark and consume their mark stacks by 1. This damage is increased to 250% against Creeps.","Abyssal Trap","Selena summons an Abyssal Devil to lurk underground. The Abyssal Devil will attach itself to any enemy that approaches, inflicting a stack of Abyssal Mark and reducing their Movement Speed by 50% for 1s. The Abyssal Devil then explodes, dealing 350 (+150% Total Magic Power)Magic Damage to enemies in the area and reducing their Movement Speed by 50% for 1s.Each additional Abyssal Devil on an enemy increases the final damage by 50%.Each Abyssal Devil can lurk up to 60s and up to 3 Abyssal Devils can exist at the same time.","Abyssal Arrow","Selena fires an abyssal wraith in the target direction that stops when it hits an enemy hero, Creep, or Summon, dealing 250 (+20% Total Magic Power) to 500 (+40% Total Magic Power)Magic Damage to the target hit and stunning them for 0.5s to 2.5s (the damage and stun duration increase with the wraith's travel distance).The wraith will pick up Abyssal Trap as it travels over it and will apply the trap to the enemy target upon stunning them.If the wraith stuns an enemy for 0.9s or longer, Selena will gain 60% Movement Speed for 2s.","","","Primal Darkness","Selena enters Abyssal Form and gains 20% Movement Speed for 0.8s. This also immediately resets the cooldown of Soul Eater and Garotte"
"Sun","Fighter","Physical","Push/Damage","Sun is a split?push oriented fighter who focuses on sustained physical damage, lane pressure, and objective control rather than pure burst. His kit revolves around creating Doppelgangers that inherit a portion of his stats and attack effects, allowing him to quickly shred turrets, creep waves, and isolated targets. With his clones soaking damage and adding extra DPS, Sun can dominate side lanes, force enemy rotations, and create constant map pressure if left unchecked.

Sun works best in lineups that can either stall fights 4v5 while he pushes, or that can collapse together once he has drawn multiple enemies to his lane. He pairs well with supports or tanks that can protect the rest of the team while he split pushes, and with junglers or mages who can quickly secure objectives once the enemy formation is broken. In the right composition, Sun functions as a strong push/damage threat who punishes teams that are slow to respond to side?lane pressure","","","","Simian God","Enemies hit by Sun and his Doppelgangers will have their Physical Defense reduced by 5% (stacks up to 6 times). Sun recovers HP equal to 75 plus 25% of the Doppelganger's Physical Attack each time a Doppelganger deals damage.
Sun and his Doppelgangers' Basic Attacks deal 50 extra damage to Creeps.","Endless Variety","Sun hurls his Golden Staff in the target direction, dealing 200 (+40% Total Physical Attack) Physical Damage to enemies in its path. Upon hitting an enemy hero or Creep, or reaching the maximum range, the Golden Staff morphs into a Doppelganger that lasts 5s and inherits 40% of Sun's attributes (and a portion of his Attack Effects).

Endless Variety and Swift Exchange are learned and upgraded together and share the same cooldown.","Swift Exchange","Sun hurls his Golden Staff in the target direction, dealing 200 (+40% Total Physical Attack) Physical Damage to enemies in its path.
He conjures a Doppelganger at his location that lasts 5s and inherits 40% of his attributes (and a portion of Attack Effects). Meanwhile, Sun conceals himself and moves with the Golden Staff.","Clone Techniques","Sun summons a Doppelganger that lasts 8s and inherits 70% of his attributes and a portion of his Attack Effects. The Doppelganger takes increased damage.","Instantaneous Move","Sun commands his Doppelgangers to strike at the target enemy with him, dealing 270 (+40% Total Physical Attack) Physical Damage and slowing the target and enemies behind them by 20% (can be stacked) for 1.5s. This counts as Basic Attack damage and can trigger Attack Effects but cannot Crit."
"Suyou","Assassin/Fighter","physical","CHase/Burst","Suyou memiliki dua mode: Mortal untuk kecepatan dan Immortal untuk damage reduction; Transient Immortal/Blade Surge memungkinkannya blink dan slash, Soul Sever memberikan cleave dengan lifesteal, dan Evu=il Queller melepaskan serangan jarak jauh mematikan berdasarkan lama cast.","","","","Transient Immortal","Tap-casting any skill will put Suyou in his Mortal form, granting him 40 Movement Speed and decreasing the interval between Basic Attacks.Hold-casting any skill will put Suyou in his Immortal form, increasing the damage of Basic Attacks to 125% and granting him 20% Damage Reduction. In this form, for every 20 extra Physical Attack Suyou has, he gains 1% Damage Reduction (up to 40%).","Blade Surge","Tap: Suyou throws his weapon in the target direction, dealing 250 (+100% Extra Physical Attack)Physical Damage to enemies in its path. Suyou then blinks to the weapon's location, catches it, and performs a slash in the opposite direction, dealing 375 (+150% Extra Physical Attack)Physical Damage. Hold : Suyou channels the Immortal's power and charges in the target direction, dealing 250 (+100% Extra Physical Attack)Physical Damage to enemies along the path. When hitting an enemy hero, he stops and stuns enemies in a rectangular area in front for 0.6s. The charge distance increases with the hold time.Suyou can be controlled while charging, but the skill cannot be interrupted","Soul Sever","Tap: Suyou performs a sweeping attack with his weapon, dealing Physical Damage equal to 300 (+200% Extra Physical Attack) plus 15% of target's Lost HP to enemies in a fan-shaped area.Hold: Suyou channels the power of the Immortal to perform 3 cleaves in a fan-shaped area. The first two strikes deal 250 (+80% Extra Physical Attack)Physical Damage each, while the final strike deals 400 (+128% Extra Physical Attack)Physical Damage and recovers 150 (+50% Extra Physical Attack) HP for himself.","","","Evu=il Queller","Tap: Suyou glides backward and swings his weapon in the target direction, dealing 420 (+120% Extra Physical Attack)Physical Damage to enemies in a rectangular area and on his path backward, and reducing their Movement Speed by 30% for 1.5s.Hold: Suyou uses the Immortal's power to shoot a deadly arrow in the target direction, dealing 580 (+165% Extra Physical Attack)Physical Damage to the target hit. The range increases with the hold time. Suyou can be controlled while charging, but the skill cannot be interrupted"
"Terizla","Fighter/Tank","Physical","Burst/Crowd Control","Terizla is a fighter/tank who specializes in heavy burst damage and reliable crowd control rather than mobility. His kit revolves around punishing enemies that stay too close to him with powerful hammer swings, slow effects, and area control. Thanks to his passive Damage Reduction and scaling with lost HP, Terizla becomes tankier the more he is focused, allowing him to stand on the frontline, soak damage, and still threaten squishy targets with high burst from Execution Strike and Penalty Zone.

Terizla works best in compositions that want to force 5v5 front?to?back team fights or contest tight spaces around objectives. With Penalty Zone, he can lock multiple enemies in place and set up follow?up damage from allies like mages and marksmen, while Revenge Strike and Execution Strike keep enemies slowed and grouped together. In the right lineup, Terizla acts as both an initiator and a zone controller, making it very hard for the enemy team to walk into choke points or safely defend turrets.","","","","Body of Smith","Terizla gains 1% extra Damage Reduction (up to 20 (+1*Hero Level)%) for every 2.5% HP lost.
He cannot gain extra Attack Speed and will convert every 1% extra Attack Speed he's supposed to receive into 1 extra Physical Attack.","Revenge Strike","Terizla cracks the ground with his hammer and the fissure will spread out, dealing 300 (+80% Extra Physical Attack) Physical Damage. After the fissure hits the first target, it will drill into the target and slow them by 15%. At the same time, Terizla's Movement Speed will be increased by 15% for 3.5s. The fissure on target will then explode, dealing 300 (+80% Extra Physical Attack) plus 20% of the enemy's lost HP Physical Damage.","Execution Strike","Terizla swings his hammer in a fan-shaped area ahead. This skill can be cast up to 3 times. The first two attacks deal 90 (+135% Total Physical Attack) Physical Damage each, while the third deals 225 (+220% Total Physical Attack) Physical Damage. Enemies hit will also be slowed by 20% for 1.25s (the Slowing Effect can stack).
Deals only 80% damage to Minions.","","","Penalty Zone","Terizla jumps to the designated area, dealing 300 (+100% Total Physical Attack) Physical Damage and knocking enemies airborne for 0.6s. He then summons Scaffold and slows enemies by 25%. Scaffold will send out a hook at enemy heroes in range and pull them several times while dealing 150 (+30% Total Physical Attack) Physical Damage each time."
"Thamuz","Fighter","physical","Chase/Damage","Thamuz is a fighter who excels in long, extended fights thanks to his strong sustain, damage?over?time effects, and high mobility. His kit allows him to stick to targets, constantly pressure the frontline, and punish enemies that stay too long in his damage zones. With his lifesteal and regeneration, Thamuz becomes harder to kill the longer a fight goes on, making him very effective in skirmishes around objectives and narrow areas.

Thamuz works best with heroes that can help him close the gap or keep enemies in place, such as Baxia and other initiators with strong crowd control. When paired with reliable engage and slow effects, Thamuz can freely dive into the enemy team, melt their front line, and force their backline to reposition or retreat early in the fight.","","","","Grand Lord Lava","Thamuz's Basic Attacks have a 10%–60% chance (based on Lava's Rage) to conjure Lava Energy beneath the target that erupts after a brief delay, dealing 55 (+60% Total Physical Attack)(+8*Hero Level) True Damage. Basic Attacks that don't trigger Lava Energy will increase Thamuz's Lava's Rage.
When without Scythes, Thamuz gains 25% Movement Speed. After retrieving his Scythes, his next Basic Attack slows the target by 30% and is guaranteed to trigger Lava Energy","Molten Scythes","Thamuz tosses Scythes in the target direction. After travelling for a certain distance or hitting the first enemy hero, they deal 120 (+60% Total Physical Attack) Physical Damage. The Scythes will then slow nearby enemies by 30% and deal 45 (+20% Extra Physical Attack) Physical Damage every 0.5s.
After leaving Thamuz for a period of time or a certain distance, the Scythes will return to Thamuz and drag enemies in their path to him. Thamuz can approach the Scythes or cast the skill again to retrieve them.","Chasm Trample","Thamuz jumps to a designated area to deal 230 (+60% Extra Physical Attack) Physical Damage and slow the enemy units by 25% for 2s upon landing.
If the Scythes are still travelling, they will return to Thamuz and Molten Scythes will reset its CD instantly","","","Cauterant Inferno","Thamuz spouts the lava stored in his body, dealing 300 (+80% Total Physical Attack) Physical Damage to nearby enemies and creating a Cauterant Inferno around him. The Cauterant Inferno lasts 9s and deals 30 (+10% Extra Physical Attack) Physical Damage every 0.5s to enemies in the area.
Meanwhile, Thamuz gains 600 (+30% Extra Max HP) extra Max HP, heals himself by the same amount, and increases his Attack Speed by 60%. He also recovers 1.5% Max HP each time he deals damage with Basic Attacks or his Scythes"
"Tigreal","Tank","physical","Crowd Control","Tigreal is a front?line tank who focuses on hard engage, crowd control, and peeling for his team. His kit lets him start fights reliably with knock?ups and slows, then lock multiple enemies in place with his ultimate, creating perfect setups for his allies’ damage. When positioned well, Tigreal can punish mispositioned enemies, force key targets into bad spots, and protect his backline by knocking away or controlling divers. However, he has limited damage, relies on cooldowns, and can struggle against highly mobile heroes or lineups that can easily dodge or interrupt his ultimate. Tigreal works best with teammates who provide strong area damage or follow?up crowd control so every successful combo he starts can quickly be converted into kills and objective control.","","","","Fearless","Tigreal gains a stack of Fearless each time he uses a skill or is hit by a Basic Attack. After getting 4 stacks, Tigreal will consume all Fearless stacks to block the next incoming Basic Attack (including attacks from Turrets).Attacks from Minions do not grant Fearless stacks nor trigger its effect","Attack Wave","Tigreal smashes the ground with his hammer and sends a shockwave that erupts 3 times in the target direction, each time dealing 270 (+70% Total Physical Attack)Physical Damage to enemies along the fan-shaped area and slowing them by 20%/40%/60% for 1.5s.","Sacred Hammer","Tigreal charges in the target direction, dealing  (+100% Total Physical Attack) Physical Damage to enemies along the way and pushing them to the end of the charge.Use Again: Tigreal can use this skill again within 4s, dealing 280 (+60% Total Physical Attack)Physical Damage to enemies in front of him and knocking them airborne for 0.6s.","","","Implosion","Tigreal unleashes the power of his hammer, pulling nearby enemies to him and stunning them for 1.8s while dealing 270 (+130% Total Physical Attack) Physical Damage The first half of the channeling can be interrupted by control effects. The second half of the channeling can only be interrupted by Suppression."
"Uranus","Tank","magic","Regen","Tank dengan kemampuan regenerasi HP yang sangat kuat melalui sistem Radiance stack, memiliki skill area damage berkelanjutan, shield yang dapat meledak, dan ultimate yang memberikan movement speed serta buff regenerasi.","","","","Radiance","Uranus absorbs the energy generated by incoming attacks to strengthen himself, regenerating a certain amount of HP every 0.8s. Each stack lasts 10s. When at max stacks (20), Uranus regenerates 48-224 HP (scales with level).","Ionic Edge","Uranus releases two energy blades that orbit around him, dealing 155 (+30% Total Magic Power)Magic Damage to enemy targets and slowing them by 30% for 2s. Each time this skill deals damage to a target, they will be marked with a stack for 6s (max of 1 stack per target per cast). Each stack increases the damage of this skill by 40% (to a max of 320%). Each energy blade will only deal damage to the same target once.","Transcendent Ward","Uranus charges to the target location, dealing 80 (+20% Total Magic Power)Magic Damage to enemies along the way, and 160 (+80% Total Magic Power)Magic Damage to enemies at the target location and slowing them by 25%. Uranus also generates a 300 (+200% Total Magic Power) shield for 4s.The shield explodes at the end of its duration or when destroyed, dealing 300 (+150% Total Magic Power)Magic Damage to enemies nearby.","","","Consecration","Uranus unleashes the energy stored within his body, removing slow effects on himself, recovering 200 HP, and gaining 60% Movement Speed for 8s (decays over time).Uranus directly gains 5 stacks of Radiance, increasing shields received and HP Regen by 20% for 8s."
"Vale","Mage","magic","Burst/Crowd Control","Vale is a burst/control mage who specializes in flexible crowd control and high area damage from a safe distance. His skills allow him to choose between stronger damage or stronger control upgrades, letting him adapt his kit to what the team needs—either more pick potential or more zoning and peel. With good positioning, Vale can repeatedly poke with Wind Blade and Windblow, then lock enemies in place and finish them off with a well?timed Windstorm.

Vale fits best in drafts that want strong team?fight setup, objective control, and reliable engage or counter?engage from mid lane. He pairs very well with frontliners that can group enemies together or hold them inside his tornadoes and ultimate, such as hard?CC tanks or brawlers. However, he is vulnerable to assassins and hard dive if caught without proper spacing, since he lacks a real dash and relies on range and control to stay safe. When played around vision and front?to?back fights, Vale becomes a dangerous control mage who can both start fights with knock?ups and quickly burst down clustered targets","","","","Windtalk","Vale gains 1 stack of Windtalk each time he gets a kill or an assist that increases his Movement Speed by 8. This effect can stack up to 10 times.","Wind Blade","Vale unleashes two wind blades toward the left and right of a target area, each dealing 250 (+80% Total Magic Power) Magic Damage to enemies hit.","Windblow","Vale sends a whirlwind in the target direction, dealing 350 (+100% Total Magic Power) Magic Damage to enemies hit and knocking them airborne for 0.8s (each enemy can only be knocked airborne 1 time). When the whirlwind reaches its destination, it will remain for 1.6s while continuously dealing a total of 150 (+30% Total Magic Power) Magic Damage to enemies in range.","","","Windstorm","Vale summons a windstorm at the target location, dealing a total of 150 (+30% Total Magic Power) Magic Damage to enemies in the area and slowing them by 20% while continuously pulling them into its center. After 1s, the windstorm will explode, dealing 1000 (+240% Total Magic Power) Magic Damage."
"Valentina","Mage","Magic","Burst/Finisher","Valentina is a burst/finisher mage who specializes in punishing enemy mistakes and turning their own power against them. With strong poke and crowd control from Shadow Strike plus the mobility and DPS from Arcane Shade, she can quickly chunk enemies and set up picks before major fights. Her passive gives bonus EXP and sustain whenever she hits enemy heroes, letting her reach key level breakpoints faster and stay healthy in lane and skirmishes.

Valentina shines in drafts where the enemy team has impactful ultimates she can steal with I Am You, allowing her to mirror strong engage, AoE control, or hyper-carry tools while still dealing high magic damage herself. She fits best with frontlines that can protect her and extend fights so she has time to poke, sustain, and look for a good ultimate to copy. However, she is vulnerable to hard dive and burst if she mispositions or fails to get value from stolen ultimates, so she rewards good matchup understanding, timing, and target selection.","","","","Primal Force","Valentina gains 8-50 extra EXP each time she deals damage to an enemy hero. Cooldown: 2s.
If the enemy hero's level isn't higher than Valentina's, 30% of the damage dealt is converted into her HP. The EXP scales with Valentina's level.","Shadow Strike","Valentina casts Shadow Strike in the target direction, dealing 300 (+165% Total Magic Power) Magic Damage to enemies hit and slowing them by 40% for 1s.
Enemy heroes hit by Shadow Strike are marked with a Shadow Sigil for 4s and will be terrified for 1s when hit by Shadow Strike again within the duration (a unit can only be terrified once within 4s).","Arcane Shade","Valentina dashes in the target direction, firing 3 Shadow Bolts at nearby enemies that deal 125 (+30% Total Magic Power) Magic Damage each. Valentina can cast this skill again within 6s (costs Mana).

The cooldown of Shadow Strike is reduced by 1s each time a Shadow Bolt hits an enemy.","","","I Am You","Valentina slows the target enemy hero by 70% for 0.5s and gains the ability to cast their Ultimate. Casting the enemy's Ultimate turns Valentina into the enemy hero's form and allows her to inherit their Basic Attack type for up to 12s. Her skills remain unchanged unless the enemy's Ultimate has a Morph effect.
The stolen Ultimate's level will be equal to Valentina's Ultimate level and the Ultimate cooldown will be 120% of the target's Ultimate cooldown (but no lower than 10s). Valentina gains (+100% Total Magic Power) Physical Attack for the duration if the enemy is a Physical Damage hero. This cannot be used on an enemy Valentina."
"Valir","mage","magic","Damage/Guard","Valir is a poke/control mage who excels at zoning enemies, punishing dives, and locking down chokepoints with sustained flame damage. His kit revolves around stacking Ablaze with his skills, then detonating it for bonus damage and reliable stuns, letting him both peel for his backline and punish anyone who walks into his range. With Burst Fireball for repeated poke and lane pressure plus Searing Torrent to knock enemies back, Valir can make it very difficult for assassins or fighters to engage cleanly on his carries.

Valir fits best in drafts that want strong anti?dive tools, front?to?back team fights, and objective control around tight spaces. He pairs extremely well with immobile hyper?carries and tanky frontliners who benefit from his peel and zone control, allowing them to fight safely behind his firewall and stuns. However, he is vulnerable to long?range burst or coordinated flanks that bypass his knockback angle, and he needs good positioning and vision to avoid being collapsed on. When drafted with solid frontline and played around choke points, Valir becomes a powerful control mage who steadily burns through enemy HP bars while shutting down hard engage attempts.","","","","Ashing","Valir's skills apply a stack of Ablaze to enemies hit, dealing them Magic Damage equal to 1 (+0.2% Total Magic Power)% of their Max HP per second for 4s.At 3 stacks, the fire detonates, dealing Magic Damage equal to 5 (+1% Total Magic Power)% of the target's Max HP to the enemy and stunning them for 1s (the same target can only be stunned by Valir's skills once every 7s.)","Burst Fireball","Valir launches a fireball that explodes upon hitting the first target, dealing 235 (+80% Total Magic Power) magic damage and slowing them by 30% for 1s. The lingering flame on the ground will explode after 1s, dealing 118 (+40% Total Magic Power) magic damage.Valir recharges 1 fireball every 9s and can hold up to 2 fireball charges. Hitting an enemy hero or Legend Creep with this skill will immediately restore a fireball charge, while hitting a Minion will restore 50% of the recharge time.Once enhanced by Vengeance Flame, the cast range of Burst Fireball increases by 30%.","Searing Torrent","Valir unleashes a torrent of flames in the target direction, dealing 200 (+60% Total Magic Power) magic damage to enemies hit and knocking them to the end of its path.Vengeance Flame: The torrent forms a firewall at the end of its path that lasts 4s and deals 100 (+30% Total Magic Power) Magic Damage to nearby enemies per second.Enemies hit by the torrent or the firewall are slowed by 25% for 1s.","","","Vengeance Flame","Valir gains 40% Movement Speed that decays over 3s and conjures 4 Vengeance Flames, enhancing Burst Fireball and Searing Torrent for 4s"
"Vexana","Mage","magic","Poke/Control","Vexana is a control?oriented burst mage who excels at punishing grouped enemies and controlling space with damage?over?time effects and fear. Her kit revolves around applying Nether Curse, zoning opponents with delayed AoE skills, and forcing them to respect her threat range in choke points and around objectives. With strong poke, terrify, and a powerful ultimate that summons the Eternal Guard, she can both initiate chaotic fights and heavily punish teams that clump or lack mobility.

Vexana fits best in compositions that want front?to?back team fights with strong zone control and follow?up AoE damage. She pairs very well with tanks or supports who can keep enemies inside her skill areas and give her time to set up Deathly Grasp and Cursed Blast. Her summoned Eternal Guard also acts as a pseudo?frontliner and sustained damage source, helping her team contest vision and objectives. However, she is vulnerable to hard dive and assassins if they bypass her frontline, and her delayed damage can be wasted if enemies disengage quickly. When drafted with solid engage and peel, Vexana becomes a relentless team?fight mage who slowly overwhelms enemies through area control, terrify chains, and the constant presence of her undead guardian","","","","Nether Touch","Vexana and the Eternal Guard inflict Nether Curse on enemies hit. The Curse lasts 5s and will cause the affected enemy to explode upon death, dealing 108-500 (+60% Total Magic Power) Magic Damage to nearby enemies (base damage scales with level).","Deathly Grasp","Vexana unleashes a Deathly Grasp in the target direction, dealing 200 (+60% Total Magic Power) Magic Damage to enemies in its path. The projectile stops upon hitting an enemy hero, terrifying them and knocking them back, then it explodes, dealing 200 (+60% Total Magic Power) Magic Damage to nearby enemies and terrifying them for 1s.","Cursed Blast","Vexana marks the target area with the power of the undead, striking it after a 0.8s delay and dealing 580 (+165% Total Magic Power) Magic Damage to enemies hit.","","","Eternal Guard","Vexana summons an Eternal Guard at the target location, dealing 480 (+60% Total Magic Power) Magic Damage to enemies hit and knocking them airborne for 0.8s. The Eternal Guard then joins Vexana in battle for 15s. Each of the Eternal Guard's attacks deals 200 (+40% Total Magic Power) plus 5% of the target's Max HP as Magic Damage to enemies in a large area."
"Wanwan","Marksman","Physical","Finisher/Burst","Wanwan is a mobile marksman who relies on constant repositioning and precise timing to shine in team fights. Her skill set lets her dash repeatedly while attacking, making her hard to catch and allowing her to poke safely before committing. By targeting different weak points on enemies, she can quickly build up damage and unlock a powerful ultimate that can wipe out low?HP opponents in one burst. Wanwan performs best when she has room to farm and when teammates provide frontline and crowd control so she can freely kite and look for angles. However, she is vulnerable to hard lockdown, burst assassins, and drafts that can punish her short range and scaling time before she hits her item spikes.","","","","Tiger Pace","Enemy heroes hit by Wanwan's attacks will have their weaknesses and positions exposed for 5s. When hitting an enemy's weakness, Wanwan deals 67(+3*Hero Level) extra True Damage and increases their damage taken from her subsequent attacks by 10% for 5s.
Wanwan can dash a short distance after each arrow fired from her Basic Attack. The dash speed scales with her Attack Speed.","Swallow’s Path","Wanwan throws a Fire Swallow in the target direction, triggering Tiger Pace while dealing 120 (+40% Total Physical Attack) Physical Damage to enemies in its path. The Fire Swallow then turns into 3 rotating Swallow Daggers. After a short delay, these Swallow Daggers will fly back to Wanwan one after another, dealing 60 (+65% Total Physical Attack) Physical Damage to enemies on their way back and slowing them by 30% for 1.5s. Enemies hit twice by the Swallow Daggers will be immobilized for 0.5s.","Needles in Flowers","Wanwan removes all control effects on herself and triggers Tiger Pace. Meanwhile, she shoots Deadly Needles in all directions, dealing 150 (+60% Total Physical Attack) Physical Damage to enemies hit.","","","Crossbow of Tang","Wanwan leaps into the air and becomes untargetable, firing arrows at the target enemy hero for 2.5s in rapid succession, dealing 60 (+35% Total Physical Attack) Physical Damage per arrow. If the target is killed during this attack, Wanwan will switch to another enemy hero in her attack range, gain 30% Attack Speed, and extend the skill duration by 1s (this effect can trigger up to 3 times). Wanwan can trigger Tiger Pace upon killing an enemy and at the end of the duration.
Crossbow of Tang can only be cast on enemy heroes with all their weaknesses hit and Wanwan gains 100% Movement Speed during the duration. This damage is regarded as Basic Attack damage, and the firing rate scales with Wanwan's Attack Speed."
"X.Borg","Fighter","physical","Regen/Burst","Fighter unik dengan mekanisme Firaga Armor untuk daya tahan, mampu menghasilkan damage api berkelanjutan yang dapat menjadi True Damage, dan memiliki ultimate burst True Damage area.","","","","Firaga Armor","X.Borg's Firaga Armor inherits 120% of his Max HP and absorbs all incoming damage when it's active. When the Armor is destroyed, X.Borg will disengage from it and roll in the direction of the Joystick (he is immune to damage during this process). The Armor's energy will gradually regenerate while X.Borg is in the Armorless State. At full energy, X.Borg re-equips the Armor and restores it to 30% of his Max HP.X.Borg's fire damage causes enemies to heat up. Enemies at maximum temperature will drop Firaga supplies when they take fire damage from X.Borg. Picking up a Firaga supply restores 10% of the Armor's HP, or 10 energy while in the Armorless State.","Fire Missiles","X.Borg sprays fire in the target direction, dealing 25 (+60% Total Physical Attack)(+40% Total Magic Power)Physical Damage 7 times over 2s to enemies in range (only deals 75% damage against Minions). Enemies at maximum temperature are dealt True Damage instead.Armorless State: The attack area becomes narrower but longer, while the damage is reduced to 60% of that in Armored state.","Fire Stake","X.Borg shoots 5 Fire Stakes at the edge of the fan-shaped indicator and retrieves them after 1.7s, each dealing 50 (+20% Total Physical Attack)Physical Damage and pulling the enemies in the path toward him. Firaga Supplies in the path will also be retrieved if touched by Fire Stakes.Armorless State: X.Borg adjusts Fire Stake Launcher to increase its range and shorten the distance between Fire Stakes.","","","Last Insanity","X.Borg charges in the target direction while spinning and spraying flames (cannot pick up Firaga Supplies during this time), dealing 90 (+60% Extra Physical Attack) (+45% Total Magic Power) Physical Damage 12 times and slowing enemies hit by 25%. He stops upon running into an enemy hero and will slow them by an additional 40%. After 3s, X.Borg's Firaga Armor detonates, dealing 300 plus 15% of the target's Max HP as True Damage. If his armor is destroyed before it can self-detonate, it will only deal 50% of the damage. The detonation destroys his Firaga Armor, removes all debuffs, and collects all nearby Firaga Supplies. Use Again: X.Borg stops spraying fire and immediately detonates his Firaga Armor"
"Xavier","Mage","magic","Damage/Burst","Xavier is a long?range burst mage who excels at poking, zoning, and finishing off targets from a safe distance. His kit revolves around stacking Transcendence by repeatedly hitting enemies with his skills, which gradually reduces his cooldowns and empowers his abilities. Infinite Extension gives him a scalable poke line that can hit multiple enemies, Mystic Field offers a slow zone that can be detonated into a stun, and Dawning Light provides a global beam that can snipe low?HP targets or swing fights from across the map. Once fully transcended, Xavier’s damage spikes significantly and his spell uptime becomes extremely threatening in mid and late game fights.

Xavier works best in lineups that can reliably front line and provide crowd control so he can free?cast from the backline. Tanks and supports that can hold enemies in place—such as hard engage or lockdown heroes—make it much easier for him to land Mystic Field + Infinite Extension combos and get fast Transcendence stacks. He pairs especially well with comps that want to siege turrets or contest objectives at range, using his poke to chip enemies low before full engages. In the right composition, Xavier functions as a high?impact artillery mage who controls space, punishes clumped teams, and constantly threatens cross?map pickoffs with his ultimate.","Transcendence","Setiap kali Xavier mengenai musuh dengan skill-nya, skill berikutnya akan mendapatkan peningkatan.

Passive ini memiliki tiga tahap:

Tahap I meningkatkan kecepatan gerak Xavier.

Tahap II memperlebar jangkauan skill.

Tahap III mengurangi cooldown semua skill dan memicu mode Transcendence di mana semua skill menjadi lebih kuat serta memberikan tambahan damage.

Passive ini memungkinkan Xavier untuk semakin kuat dalam bertarung saat melakukan serangkaian serangan skill berturut-turut, membuatnya memiliki damage burst yang besar dan kontrol yang efektif pada musuh","","Transcendence","Xavier enhances his subsequent skills each time his skill hits an enemy hero. Stage I: Increases Movement Speed by 50% when subsequent skills hit, decaying over 1.2s. Stage II: Width of subsequent skills will be greatly increased. Stage III: Skill Cooldown reduced by 4s (36s for the Ultimate). At Stage III, Xavier enters the Transcendence state.Transcendence: All of Xavier's skills are enhanced to Stage III state for 5s (this duration is extended by 1s each time Xavier's skill hits an enemy).","Infinite Extension","Xavier fires a Mystic Bullet that deals 480 (+100% Total Magic Power)Magic Damage to enemies it passes through.The Bullet's flying distance increases each time it hits an enemy or the Mystic Barrier (up to 5 times).","Mystic Field","Xavier conjures a Mystic Barrier that lasts 5s. Enemies that come into contact with the Barrier will take 220 (+65% Total Magic Power)Magic Damage and be slowed by 50%, while allies will gain 50% extra Movement Speed that decays over 1.2s.When hit by Xavier's other skills, the Barrier expands into a Mystic Field for 3s, dealing 220 (+65% Total Magic Power)Magic Damage to enemies within and immobilizing them for 1.2s.","","","Dawning Light","Xavier unleashes a beam of Mystic magic in the target direction, dealing 600 (+180% Total Magic Power)Magic Damage to all enemies along its path.Once cast, he also directly enters the Transcendence state and resets the state's duration."
"Yi Sun-shin","Assassin/Marksman","Physical","Finisher/Chase","Sun-shin is a flexible Physical Assassin/Marksman hybrid who excels at finisher and chase playstyles through his dual-weapon and map-impact kit. His passive, Heavenly Vow, lets him automatically switch between longbow and glaive based on distance, gaining Weapon Mastery that enhances his next two Basic Attacks with extra Attack Speed, reduced Crit Damage, and bonus Movement Speed, rewarding good spacing and weapon cycling. Traceless provides a short dash and slash that grants brief control immunity and has its cooldown reduced by Weapon Mastery triggers, enabling aggressive outplays and quick disengages. Blood Floods offers both close-range slash and charged long-range arrow variants, giving him strong poke or burst depending on how long the skill is held. His ultimate, Mountain Shocker, turns him into a global threat: he gains vision over the map, summons a turtle ship for high Movement Speed, then rams and bombards a large area with stuns and slow, allowing him to finish low HP targets, start fights, or punish mispositioned enemies from afar.","","","","Heavenly Vow","Yi Sun-shin attacks with his longbow or glaive according to his distance from the target.
Weapon Mastery: After each weapon switch, the next two Basic Attacks will gain extra Attack Speed, dealing 70% and 55% Crit Damage respectively, and gain 15% Movement Speed for 1s.","Traceless","Yi Sun-shin dashes forward and slashes with his glaive, dealing 150 (+40% Total Physical Attack) Physical Damage and becoming immune to control effects for 0.4s.

Each Weapon Mastery triggered reduces the cooldown of Traceless by 1s.","Blood Floods","Tap: Yi Sun-shin slashes swiftly with his glaive, dealing 240 (+80% Total Physical Attack) Physical Damage.
Hold: Yi Sun-shin shoots a powerful arrow, dealing 240 (+80% Total Physical Attack) Physical Damage to the target. The arrow's damage scales with the hold time, up to 200%.
Yi Sun-shin gains Weapon Mastery immediately when this skill is used.","","","Mountain Shocker","Yi Sun-shin summons a turtle ship and gains sight of the whole map for 2s. The turtle ship lasts for up to 15s, during which Yi Sun-shin gains 70% burst Movement Speed (decays to 20% over 2s).
When cast again, Yi Sun-shin commands the turtle ship to ram toward the target area, dealing 160 (+50% Total Physical Attack) Physical Damage and stunning enemy units in the central area for 0.8s. Then Yi Sun-shin commands the naval fleet to launch 3 waves of cannon shots on a larger area, each dealing 160 (+50% Total Physical Attack) Physical Damage and slowing the enemies by 30%.
Yi Sun-shin gains Weapon Mastery effect immediately when this skill is used."
"Yin","Fighter/Assassin","Physical","Burst/Control","Yin is a fighter/assassin hybrid who specializes in isolating and deleting single targets with his Domain. His kit revolves around strong dueling tools in lane and the ability to pull one enemy into a 1v1 arena, where he gains enhanced skills, extra damage, and better control over the fight. With good timing, he can remove a key carry or frontliner from a team fight, kill them inside his Domain, and then return to the normal battlefield with a big advantage.

Yin fits best in drafts that want strong pick potential and front?to?back fights where deleting one target quickly can decide the outcome. He pairs well with engage supports and tanks that can help him reach priority targets or force enemies into bad positions before he casts his ultimate. However, he is vulnerable if he ults the wrong target, fights someone he cannot realistically kill 1v1, or gets outscaled by heavy peel and point?and?click CC. When played with good matchup understanding and target selection, Yin becomes a high?pressure duelist and skirmisher who constantly threatens to remove key enemies from crucial fights.","","","","Leave It to Me","If there are no allied heroes within 4 units of Yin, his damage is increased to 120% and he gains 8% Spell Vamp.","Charged Punch","Yin gains 60% extra Movement Speed (decays over 3s).
Yin can launch an enhanced Basic Attack that deals 25 (+100% Total Physical Attack) Physical Damage within the duration. Upon hitting an enemy with the enhanced Basic Attack, Yin will throw another charged punch forward, dealing 360 (+200% Extra Physical Attack) Physical Damage to enemies in the path.
Successfully throwing the charged punch reduces the skill's cooldown by 35%.","Instant Blast","Yin dashes forward, leaving a Golden Ring behind while dealing 75 (+35% Extra Physical Attack) Physical Damage to enemies along the way. He gains 30% extra Damage Reduction for 4s if an enemy hero is hit.
After 1s, the Golden Ring will catch up with Yin, dealing 150 (+70% Extra Physical Attack) Physical Damage to enemies it passes through and stunning them for 1s.","","","My Turn","After a short delay, Yin locks onto an enemy hero (cannot lock onto pets or clones) and pulls them into a domain for up to 8s and turns into Lieh. When in the domain, the two cannot be affected by other heroes' skills.
Lieh has stronger skills and 50 extra Physical & Magic Defense that last 8s.
The domain will end early if either of the two is killed. If Lieh successfully kills the enemy, he'll recover 20% of his Max HP, leave the domain with the cooldowns of Frenzy Strike and Instant Blast reset, and continue to fight as Lieh for 8s.
If Yin fails to pull his target into the domain, the skill will enter a 3s cooldown."
"Yu Zhong","Fighter","Physical","Regen/Damage","Yu Zhong is a sustain?oriented fighter who excels in extended skirmishes, front?to?back fights, and diving into the enemy backline. His kit revolves around stacking Sha Residue to deal damage based on enemies’ lost HP while restoring his own, letting him stay in combat far longer than most fighters. With Dragon Tail and Soul Grip providing strong AoE damage and slows, plus Furious Dive for gap?closing and knock?ups, Yu Zhong can repeatedly disrupt clustered enemies and soften entire teams over time.

Yu Zhong works best in lineups that want to fight frontally or around tight areas, such as objective pits and choke points. When paired with reliable engage or follow?up crowd control from tanks and supports, he can enter Black Dragon Form to start or counter?engage fights, ignore control effects, and force enemy carries to reposition. In the right composition, Yu Zhong acts as a durable bruiser who soaks damage, constantly regenerates through Sha Residue, and slowly overwhelms teams that cannot kite him or burst him down quickly.","","","","Cursing Touch","Yu Zhong applies Sha Residue to enemy heroes every time he deals damage to them. Sha Residue erupts upon reaching 5 stacks on a target. Then it begins consuming 1 stack every 0.4s to deal Physical Damage equal to 30 (+20% Extra Physical Attack) plus 2.5% of the target's lost HP to the target. Each stack consumed restores 6% of Yu Zhong's lost HP. When Sha Residue erupts, Yu Zhong also gains 30% Movement Speed for 3s.","Dragon Tail","Yu Zhong infuses his power into his cloak and turns it into a weapon, which starts to attack nearby enemies after a short delay. The inner area of the cloak deals 220 (+100% Extra Physical Attack) Physical Damage, whereas the sharpened edge deals 275% damage and applies 2 stacks of Sha Residue.","Soul Grip","Yu Zhong unleashes the Dragon Soul, dealing 150 (+120% Extra Physical Attack) Physical Damage to all enemies in front and slowing them by 60% for 1s.

Upon hitting an enemy, Yu Zhong's next Basic Attack will be enhanced, dealing 108 (+100% Total Physical Attack) Physical Damage. Upon hitting multiple enemies, the enhanced Basic Attack will apply multiple stacks of Sha Residue and deal up to 200% damage.","Furious Dive","Yu Zhong leaps towards the designated area with his full strength, dealing 180 (+90% Extra Physical Attack) Physical Damage. He is able to dash one more time in the movement direction.
After a short delay, enemies within the area of effect will be knocked airborne for 0.6s and take 180 (+90% Extra Physical Attack) additional Physical Damage.","Black Dragon Form","After channeling for 0.6s, Yu Zhong transforms into his Black Dragon Form. For up to 7s, he cannot use any skills but can move freely and will knock back enemy heroes in his path while dealing 180 (+80% Total Physical Attack) Physical Damage. He also gains 1000 (+200% Extra Physical Attack) Max HP, becomes immune to control effects, and ignores obstacles in this form.
Upon exiting the Black Dragon Form, Yu Zhong enters Dragonoid Form, gaining increased range on all of his skills for 10s."
"Yve","Mage","Magic","Poke/Burst","","","","","Galactic Power","When Yve deals damage to enemy heroes with her skills, she gains Galactic Power (cooldown: 0.5s), up to 3 stacks. Each stack provides Yve with a 50(+10*Hero Level) (+20% Total Magic Power) shield for 3s.","Void Blast","Yve detonates Galactic Energy at the target location, dealing 290 (+150% Total Magic Power) Magic Damage to enemies in the area.
Successfully hitting an enemy grants Yve 55% extra Movement Speed (halved if a non-hero enemy is hit) that decreases over 1s.","Void Crystal","Yve summons a Void Crystal at the target location, dealing 220 (+40% Total Magic Power) Magic Damage to nearby enemies.

Use Again: Yve commands the Crystal to fire materialized energy in the target direction for 2.7s, dealing 75 (+10% Total Magic Power) Magic Damage every 0.45s to enemies hit and slowing them by 30%. Enemies hit multiple times are slowed by an extra 6% for each hit after the first hit (up to 60%).","","","Real World Manipulation","Yve creates a Starfield that lasts 15s. Within the duration, you can Tap or Swipe the screen to attack up to 20 times.
Tap: Deals 340 (+150% Total Magic Power) Magic Damage to enemies in the target area.
Swipe: Deals 85 (+10% Total Magic Power) Magic Damage every 0.45s to enemies in the target area for 2.7s and slows them by 60%.
Enemies leaving or entering the Starfield will be immobilized for 0.8s (only once against the same target).
Yve cannot be displaced while the Starfield is active, and the Starfield will remain even if Yve is controlled (except for Suppression)."
"Zetian","Mage","magic","Damage/Crowd Control","Zetian adalah mage dengan kemampuan damage area, crowd control, dan peningkatan spell vamp, serta memiliki pasif yang memberikan shield dan knockback.","","","","Celestial Armament","Phoenix Crown: When Zetian hits enemy heroes with Phoenix Strike or Phoenix Descent, she gains 1% Spell Vamp for 5s, stacking up to 10 times.Celestial Robe: The power of the Phoenix periodically protects Zetian, knocking back and stunning any enemy hero who dares approach her while dealing 90(+10*Hero Level) (+50% Total Magic Power) Magic Damage to them. She also gains a 300(+20*Hero Level) (+50% Total Magic Power) Shield that lasts 3s. This effect has a 120s cooldown.","Phoenix Strike","Zetian unleashes a Phoenix Wave in the target direction. If it hits an enemy, she automatically casts another wave, up to 3 times. While casting, Zetian can use other skills.The three Phoenix Waves deal 200 (+30% Total Magic Power) Magic Damage/200 (+30% Total Magic Power) Magic Damage/385 (+120% Total Magic Power) Magic Damage, respectively. The third wave hits a larger area and pulls enemies toward the skill direction (not considered a control effect).This skill only has 65% Spell Vamp efficiency against Minions.","Phoenix Descent","Zetian summons a Phoenix Spirit at the target location, dealing 150 (+45% Total Magic Power) Magic Damage and applying a brief 50% slow effect to enemies in the area. The Phoenix Spirit hovers at the location for 3s, dealing 20 (+10% Total Magic Power) Magic Damage every 0.5s and reducing enemies' Magic Defense by 10% while revealing their surrounding area. While the Phoenix Spirit is active, Zetian can use this skill again to command it to charge toward a designated location, dealing 150 (+45% Total Magic Power) Magic Damage and applying a brief 50% slow effect upon arrival.","","","Fury of the Phoenix","Zetian calls upon her divine mandate and the hearts of her people, granting all allied heroes 40% Movement Speed that gradually decays over 3s, while bringing divine retribution upon all enemy heroes, dealing 400 (+100% Total Magic Power) Magic Damage and stunning them for 0.8s. Zetian gains vision of all enemy heroes during this time.Zetian can cast other skills while channeling this skill."
"Zhask","mage","magic","Chase/Damage","Mage pengendali summon (Nightmaric Spawn) yang menjadi sumber damage utama, dilengkapi kemampuan poke, stun, dan Ultimate untuk memperkuat summon.","","","","Decimation","Upon death, Zhask summons a frenzied Nightmaric Spawn on the spot, which gradually loses HP over time until death.","Nightmaric Spawn","Zhask summons a Nightmaric Spawn that inherits 55% of his Attributes (HP, Hybrid Defense, and Magic Power). Nightmaric Spawn will automatically attack nearby enemies by firing a Death Ray at the target, dealing 55 (+20% extra Attack Speed) (+20% Magic Power) Magic Damage and slowing them by up to 30%. If Zhask is too far away from Nightmaric Spawn, it will disappear.Death Ray is considered as a Basic Attack but cannot Crit.Fusion Enhanced Nightmaric Spawn is increased to 180%, and it can be repositioned.","Mind Eater","Zhask fires a penetrating mental missile in the designated direction, dealing 300 (+100% Total Magic Power) Magic Damage. Afterward, Nightmaric Spawn will attack enemies hit by Mind Eater (+80% Total Magic Power) Magic Damage and stun them for 0.5s. Fusion Enhanced: Increases the damage dealt by Mind Eater","Hive Clones","Zhask releases a swarm of Hive Clones in the targeted direction. The clones will explode and deal 55 (+18% Total Magic Power) Magic Damage to enemies on contact, reducing their Movement Speed by 80% for 1s. Hive Clones find no target, they will burrow into the ground and ambush enemies passing by.Fusion Enhanced: Zhask releases several swarms of Hive Clones. Subsequent damage dealt to the same target decays to 20%.","Dominator's descent","Zhask selects a designated position to summon Nightmaric Spawn and fuses with it. Nightmaric Spawn can inherit 100% of his attributes and get extra of them. His skills are enhanced during the fusion period.Use Again: Zhask immediately gets off Nightmaric Spawn and loses enhancement."
"Zhuxin","Mage","Magic","Damage/Crowd Control","","Crimson Butterflies","Every time Zhuxin channels Lantern Flare, she converts the Mana spent into up to 15 Crimson Butterflies to follow her Spirit Lantern. After Zhuxin stops channeling Lantern Flare, the Crimson Butterflies will gradually disappear, each restoring 5% of her Max Mana.
Zhuxin has a naturally high base Max Mana, but it doesn't scale with her level.","","","","Fluttering Grace","Zhuxin deals 150 (+30% Total Magic Power) Magic Damage to all enemies in a fan-shaped area and applies 1 stack(s) of Soul Snare. Zhuxin also slows all enemy heroes hit by 20% and gains 20% of extra Movement Speed herself for 1.5s.
","Lantern Flare","Hold: Zhuxin can move the Spirit Lantern with the skill button, dealing 33 (+28% Total Magic Power) Magic Damage to all enemies within range every 0.25s (damage to Minions increased by 28%) and applying Soul Snare to enemy heroes hit, each time consuming 120 Mana. When an enemy hero has 10 stacks of Soul Snare, the Crimson Butterflies will capture them, pulling them airborne for 1s.
Release: Throws all captured enemies to the target location, dealing 300 (+150% Total Magic Power) Magic Damage to all enemies in the area. (If an enemy takes damage multiple times, subsequent damage taken will be reduced by 80%.)","","","Crimson Beacon","Zhuxin blinks to the target location while gaining a 400 (+100% Total Magic Power) shield. While flying, she creates a field around her for 6s. The field deals 60 (+20% Total Magic Power) Magic Damage and applies 1 stack of Soul Snare to enemies every 1s."
"Zilong","Fighter/Assassin","Physical","Chase/Damage","Zilong is a physical fighter–assassin who focuses on fast pickoffs and split push pressure. His kit allows him to quickly dive onto isolated targets, displace them with his spear, and finish them with boosted attack speed and true damage from his ultimate. In the side lane, Zilong can constantly threaten turrets and punish enemies who rotate late or defend alone. However, he is vulnerable to crowd control and burst damage, and he becomes much less effective if he falls behind or dives without proper vision. Zilong works best with teammates who can provide wave control, vision, and distraction in teamfights so he can look for flanks, take down key backline targets, or trade objectives on the map.","","","","Dragon Flurry","After every 3 Basic Attacks, Zilong triggers Dragon Flurry on the next Basic Attack, hitting the target 3 times. Each hit deals 30 (+40% Total Physical Attack) Basic Attack damage and heals himself for 50 (+20% Total Physical Attack) HP.
If the target's HP is below 50%, all damage dealt by Zilong's skills and Basic Attacks is increased by 30.","Spear Flip","Zilong flings the target enemy over his head, dealing 250 (+80% Total Physical Attack) Physical Damage.","Spear Strike","Zilong lunges at the target enemy, dealing 250 (+60% Total Physical Attack) Physical Damage and reducing their Physical Defense by 15 for 2s. He then launches a Basic Attack on the same target.

The cooldown of Spear Strike is reset each time Zilong kills an enemy.","","","Supreme Warrior","Zilong removes all slow effects on himself and gains 40% Movement Speed, 35% Attack Speed, and Slow Immunity for 7.5s.

For the duration, he can trigger Dragon Flurry after every 2 Basic Attacks (instead of the previous 3)."